"Rk,Player,Nation,Pos,Squad,Age,Born,MP,Starts,Min,90s,Gls,Ast,G+A,G-PK,PK,PKatt,CrdY,CrdR,xG,npxG,xAG,npxG+xAG,PrgC,PrgP,PrgR,Gls,Ast,G+A,G-PK,G+A-PK,xG,xAG,xG+xAG,npxG,npxG+xAG"
"1,Max Aarons,eng ENG,DF,Bournemouth,24,2000,3,1,86,1.0,0,0,0,0,0,0,0,0,0.0,0.0,0.0,0.0,1,8,3,0.00,0.00,0.00,0.00,0.00,0.00,0.00,0.00,0.00,0.00"
"2,Joshua Acheampong,eng ENG,DF,Chelsea,18,2006,4,2,170,1.9,0,0,0,0,0,0,1,0,0.2,0.2,0.0,0.2,0,8,0,0.00,0.00,0.00,0.00,0.00,0.12,0.00,0.12,0.12,0.12"
"3,Tyler Adams,us USA,MF,Bournemouth,25,1999,28,21,1965,21.8,0,3,3,0,0,0,7,0,1.6,1.6,1.0,2.6,14,76,10,0.00,0.14,0.14,0.00,0.14,0.07,0.05,0.12,0.07,0.12"
"4,Tosin Adarabioyo,eng ENG,DF,Chelsea,26,1997,22,15,1409,15.7,1,1,2,1,0,0,4,0,0.9,0.9,0.2,1.2,5,42,1,0.06,0.06,0.13,0.06,0.13,0.06,0.01,0.07,0.06,0.07"
"5,Simon Adingra,ci CIV,""FW,MF"",Brighton,22,2002,29,12,1097,12.2,2,2,4,2,0,0,0,0,2.5,2.5,2.5,4.9,50,18,136,0.16,0.16,0.33,0.16,0.33,0.20,0.20,0.40,0.20,0.40"
"6,Emmanuel Agbadou,ci CIV,DF,Wolves,27,1997,16,16,1410,15.7,1,0,1,1,0,0,3,0,0.8,0.8,0.2,1.1,6,31,2,0.06,0.00,0.06,0.06,0.06,0.05,0.02,0.07,0.05,0.07"
"7,Asher Agbinone,eng ENG,MF,Crystal Palace,18,2005,2,0,6,0.1,0,0,0,0,0,0,0,0,0.0,0.0,0.0,0.1,2,0,1,0.00,0.00,0.00,0.00,0.00,0.29,0.50,0.79,0.29,0.79"
"8,Ola Aina,ng NGA,DF,Nott'ham Forest,27,1996,35,35,2995,33.3,2,1,3,2,0,0,5,0,0.6,0.6,1.4,2.1,67,107,67,0.06,0.03,0.09,0.06,0.09,0.02,0.04,0.06,0.02,0.06"
"9,Rayan AÃ¯t-Nouri,dz ALG,DF,Wolves,23,2001,37,37,3109,34.5,4,7,11,4,0,0,7,1,2.7,2.7,5.5,8.2,89,108,176,0.12,0.20,0.32,0.12,0.32,0.08,0.16,0.24,0.08,0.24"
"10,Kristoffer Ajer,no NOR,DF,Brentford,26,1998,24,17,1438,16.0,0,0,0,0,0,0,5,0,1.0,1.0,1.2,2.2,27,56,44,0.00,0.00,0.00,0.00,0.00,0.06,0.08,0.14,0.06,0.14"
"11,Manuel Akanji,ch SUI,DF,Manchester City,29,1995,26,23,2014,22.4,0,0,0,0,0,0,3,0,1.6,1.6,0.4,1.9,46,158,7,0.00,0.00,0.00,0.00,0.00,0.07,0.02,0.09,0.07,0.09"
"12,Nathan AkÃ©,nl NED,DF,Manchester City,29,1995,10,8,678,7.5,0,0,0,0,0,0,0,0,0.2,0.2,0.0,0.2,12,50,2,0.00,0.00,0.00,0.00,0.00,0.03,0.00,0.03,0.03,0.03"
"13,Carlos Alcaraz,ar ARG,MF,Southampton,21,2002,1,0,10,0.1,0,0,0,0,0,0,0,0,0.1,0.1,0.1,0.2,4,6,1,0.00,0.00,0.00,0.00,0.00,0.62,0.86,1.48,0.62,1.48"
"14,Carlos Alcaraz,ar ARG,""FW,MF"",Everton,21,2002,15,7,764,8.5,2,3,5,2,0,0,4,0,1.7,1.7,1.6,3.4,19,42,21,0.24,0.35,0.59,0.24,0.59,0.20,0.19,0.40,0.20,0.40"
"15,Trent Alexander-Arnold,eng ENG,DF,Liverpool,25,1998,33,28,2365,26.3,3,6,9,3,0,0,5,0,1.9,1.9,7.3,9.2,51,232,94,0.11,0.23,0.34,0.11,0.34,0.07,0.28,0.35,0.07,0.35"
"16,Alisson,br BRA,GK,Liverpool,31,1992,28,28,2508,27.9,0,0,0,0,0,0,0,0,0.0,0.0,0.6,0.6,0,1,0,0.00,0.00,0.00,0.00,0.00,0.00,0.02,0.02,0.00,0.02"
"17,Miguel AlmirÃ³n,py PAR,FW,Newcastle Utd,30,1994,9,1,157,1.7,0,0,0,0,0,0,0,0,0.5,0.5,0.3,0.8,3,6,18,0.00,0.00,0.00,0.00,0.00,0.30,0.15,0.45,0.30,0.45"
"18,Olabade Aluko,,DF,Leicester City,,,1,0,2,0.0,0,0,0,0,0,0,0,0,0.0,0.0,0.0,0.0,0,0,0,0.00,0.00,0.00,0.00,0.00,0.00,0.00,0.00,0.00,0.00"
"19,Edson Ãlvarez,mx MEX,MF,West Ham,26,1997,28,20,1772,19.7,0,1,1,0,0,0,9,1,0.4,0.4,0.8,1.2,24,85,18,0.00,0.05,0.05,0.00,0.05,0.02,0.04,0.06,0.02,0.06"
"20,Will Alves,eng ENG,FW,Leicester City,19,2005,1,0,1,0.0,0,0,0,0,0,0,0,0,0.0,0.0,0.0,0.0,0,0,1,0.00,0.00,0.00,0.00,0.00,0.00,0.00,0.00,0.00,0.00"
"21,Harry Amass,eng ENG,DF,Manchester Utd,17,2007,5,4,346,3.8,0,0,0,0,0,0,0,0,0.1,0.1,0.0,0.1,9,7,23,0.00,0.00,0.00,0.00,0.00,0.02,0.01,0.02,0.02,0.02"
"22,Samuel Amo-Ameyaw,eng ENG,""FW,DF"",Southampton,18,2006,2,0,28,0.3,0,0,0,0,0,0,1,0,0.0,0.0,0.1,0.1,1,0,3,0.00,0.00,0.00,0.00,0.00,0.07,0.22,0.29,0.07,0.29"
"23,Mathis Amougou,fr FRA,MF,Chelsea,18,2006,1,0,8,0.1,0,0,0,0,0,0,0,0,0.0,0.0,0.0,0.0,0,1,0,0.00,0.00,0.00,0.00,0.00,0.00,0.00,0.00,0.00,0.00"
"24,Joachim Andersen,dk DEN,DF,Crystal Palace,28,1996,1,1,90,1.0,0,0,0,0,0,0,1,0,0.0,0.0,0.0,0.0,1,4,1,0.00,0.00,0.00,0.00,0.00,0.04,0.00,0.04,0.04,0.04"
"25,Joachim Andersen,dk DEN,DF,Fulham,28,1996,29,29,2583,28.7,0,0,0,0,0,0,6,1,1.0,1.0,0.5,1.5,16,112,2,0.00,0.00,0.00,0.00,0.00,0.04,0.02,0.05,0.04,0.05"
"26,Elliot Anderson,eng ENG,MF,Nott'ham Forest,21,2002,37,33,2728,30.3,2,6,8,2,0,0,10,0,2.1,2.1,3.3,5.4,52,143,95,0.07,0.20,0.26,0.07,0.26,0.07,0.11,0.18,0.07,0.18"
"27,AndrÃ©,br BRA,MF,Wolves,23,2001,33,31,2472,27.5,0,0,0,0,0,0,7,0,0.4,0.4,0.8,1.3,10,109,11,0.00,0.00,0.00,0.00,0.00,0.02,0.03,0.05,0.02,0.05"
"28,Michail Antonio,jm JAM,FW,West Ham,34,1990,14,11,836,9.3,1,1,2,1,0,0,1,0,2.2,2.2,1.6,3.8,29,18,59,0.11,0.11,0.22,0.11,0.22,0.24,0.17,0.41,0.24,0.41"
"29,Antony,br BRA,""DF,MF"",Manchester Utd,24,2000,8,0,141,1.6,0,0,0,0,0,0,0,0,1.0,1.0,0.1,1.1,5,6,7,0.00,0.00,0.00,0.00,0.00,0.65,0.08,0.73,0.65,0.73"
"30,Julian Araujo,mx MEX,DF,Bournemouth,22,2001,12,7,497,5.5,0,0,0,0,0,0,2,0,0.0,0.0,0.1,0.1,4,14,22,0.00,0.00,0.00,0.00,0.00,0.00,0.01,0.01,0.00,0.01"
"31,Cameron Archer,eng ENG,FW,Southampton,23,2001,35,13,1441,16.0,2,0,2,2,0,1,0,0,5.7,4.9,0.5,5.4,22,14,66,0.12,0.00,0.12,0.12,0.12,0.36,0.03,0.39,0.31,0.34"
"32,Alphonse Areola,fr FRA,GK,West Ham,31,1993,26,25,2260,25.1,0,0,0,0,0,0,0,0,0.0,0.0,0.0,0.0,0,1,0,0.00,0.00,0.00,0.00,0.00,0.00,0.00,0.00,0.00,0.00"
"33,Joe Aribo,ng NGA,""MF,DF"",Southampton,28,1996,32,21,2013,22.4,3,0,3,3,0,0,1,0,2.7,2.7,1.6,4.3,36,75,65,0.13,0.00,0.13,0.13,0.13,0.12,0.07,0.19,0.12,0.19"
"34,Adam Armstrong,eng ENG,""FW,MF"",Southampton,27,1997,20,15,1248,13.9,2,2,4,2,0,1,4,0,3.3,2.3,1.2,3.5,25,21,79,0.14,0.14,0.29,0.14,0.29,0.24,0.09,0.32,0.17,0.25"
"35,Harrison Armstrong,eng ENG,MF,Everton,17,2007,3,0,48,0.5,0,0,0,0,0,0,1,0,0.4,0.4,0.1,0.4,1,1,0,0.00,0.00,0.00,0.00,0.00,0.69,0.14,0.82,0.69,0.82"
"36,Kepa Arrizabalaga,es ESP,GK,Bournemouth,29,1994,31,31,2790,31.0,0,0,0,0,0,0,3,0,0.1,0.1,0.0,0.1,0,2,0,0.00,0.00,0.00,0.00,0.00,0.00,0.00,0.00,0.00,0.00"
"37,Marco Asensio,es ESP,MF,Aston Villa,28,1996,13,9,743,8.3,3,1,4,3,0,2,2,0,4.4,2.9,1.0,3.8,22,45,38,0.36,0.12,0.48,0.36,0.48,0.54,0.12,0.66,0.35,0.47"
"38,Brandon Austin,eng ENG,GK,Tottenham,25,1999,1,1,90,1.0,0,0,0,0,0,0,0,0,0.0,0.0,0.0,0.0,0,0,0,0.00,0.00,0.00,0.00,0.00,0.00,0.00,0.00,0.00,0.00"
"39,Taiwo Awoniyi,ng NGA,FW,Nott'ham Forest,26,1997,26,3,416,4.6,1,0,1,1,0,0,0,0,2.1,2.1,0.1,2.2,6,7,20,0.22,0.00,0.22,0.22,0.22,0.46,0.02,0.48,0.46,0.48"
"40,Yasin Ayari,se SWE,MF,Brighton,20,2003,34,22,1965,21.8,2,1,3,2,0,0,3,0,2.4,2.4,2.3,4.8,30,75,61,0.09,0.05,0.14,0.09,0.14,0.11,0.11,0.22,0.11,0.22"
"41,Jordan Ayew,gh GHA,""FW,MF"",Crystal Palace,32,1991,1,0,21,0.2,0,0,0,0,0,0,1,0,0.5,0.5,0.0,0.5,0,0,1,0.00,0.00,0.00,0.00,0.00,1.96,0.21,2.17,1.96,2.17"
"42,Jordan Ayew,gh GHA,""FW,MF"",Leicester City,32,1991,30,19,1638,18.2,5,0,5,4,1,1,5,0,3.2,2.4,1.1,3.5,49,46,86,0.27,0.00,0.27,0.22,0.22,0.17,0.06,0.24,0.13,0.19"
"43,BenoÃ®t Badiashile,fr FRA,DF,Chelsea,23,2001,5,3,334,3.7,0,0,0,0,0,0,0,0,0.0,0.0,0.0,0.0,3,17,2,0.00,0.00,0.00,0.00,0.00,0.00,0.00,0.00,0.00,0.00"
"44,Leon Bailey,jm JAM,""FW,MF"",Aston Villa,26,1997,24,14,1139,12.7,1,2,3,1,0,0,3,0,1.7,1.7,1.5,3.3,58,35,121,0.08,0.16,0.24,0.08,0.24,0.14,0.12,0.26,0.14,0.26"
"45,Carlos Baleba,cm CMR,MF,Brighton,20,2004,34,31,2661,29.6,3,1,4,3,0,0,8,1,3.1,3.1,1.3,4.4,43,118,29,0.10,0.03,0.14,0.10,0.14,0.10,0.05,0.15,0.10,0.15"
"46,Ross Barkley,eng ENG,MF,Aston Villa,30,1993,20,3,581,6.5,3,1,4,3,0,0,3,0,1.8,1.8,0.6,2.4,15,36,10,0.46,0.15,0.62,0.46,0.62,0.27,0.10,0.37,0.27,0.37"
"47,Harvey Barnes,eng ENG,FW,Newcastle Utd,26,1997,33,17,1755,19.5,9,4,13,9,0,0,0,0,7.2,7.2,4.0,11.2,93,83,192,0.46,0.21,0.67,0.46,0.67,0.37,0.20,0.57,0.37,0.57"
"48,Calvin Bassey,ng NGA,DF,Fulham,24,1999,35,34,3074,34.2,1,0,1,1,0,0,7,0,1.0,1.0,0.1,1.2,39,116,15,0.03,0.00,0.03,0.03,0.03,0.03,0.00,0.03,0.03,0.03"
"49,Altay BayÄ±ndÄ±r,tr TUR,GK,Manchester Utd,26,1998,4,4,360,4.0,0,0,0,0,0,0,0,0,0.0,0.0,0.0,0.0,0,0,0,0.00,0.00,0.00,0.00,0.00,0.00,0.00,0.00,0.00,0.00"
"50,Jan Bednarek,pl POL,DF,Southampton,28,1996,30,30,2531,28.1,2,0,2,2,0,0,7,0,0.7,0.7,0.5,1.2,5,60,2,0.07,0.00,0.07,0.07,0.07,0.02,0.02,0.04,0.02,0.04"
"51,Armel Bella Kotchap,de GER,DF,Southampton,22,2001,4,2,331,3.7,0,0,0,0,0,0,0,0,0.3,0.3,0.0,0.3,0,5,0,0.00,0.00,0.00,0.00,0.00,0.09,0.00,0.09,0.09,0.09"
"52,Jean-Ricner Bellegarde,fr FRA,""MF,FW"",Wolves,26,1998,35,20,1677,18.6,2,7,9,2,0,0,3,0,1.5,1.5,3.8,5.3,52,43,89,0.11,0.38,0.48,0.11,0.48,0.08,0.20,0.29,0.08,0.29"
"53,Rodrigo Bentancur,uy URU,MF,Tottenham,27,1997,26,21,1645,18.3,2,0,2,2,0,0,9,0,1.3,1.3,0.4,1.7,28,100,34,0.11,0.00,0.11,0.11,0.11,0.07,0.02,0.10,0.07,0.10"
"54,Daniel Bentley,eng ENG,GK,Wolves,31,1993,2,2,180,2.0,0,0,0,0,0,0,0,0,0.0,0.0,0.0,0.0,0,0,0,0.00,0.00,0.00,0.00,0.00,0.00,0.00,0.00,0.00,0.00"
"55,Sander Berge,no NOR,MF,Fulham,26,1998,31,26,2224,24.7,0,0,0,0,0,0,6,0,0.4,0.4,0.6,1.0,29,124,9,0.00,0.00,0.00,0.00,0.00,0.01,0.03,0.04,0.01,0.04"
"56,Lucas Bergvall,se SWE,MF,Tottenham,18,2006,27,11,1212,13.5,0,1,1,0,0,0,3,0,0.7,0.7,0.6,1.3,33,49,31,0.00,0.07,0.07,0.00,0.07,0.05,0.04,0.09,0.05,0.09"
"57,Victor Bernth Kristiansen,dk DEN,DF,Leicester City,21,2002,30,29,2482,27.6,0,1,1,0,0,0,1,0,0.3,0.3,1.4,1.7,40,70,78,0.00,0.04,0.04,0.00,0.04,0.01,0.05,0.06,0.01,0.06"
"58,Beto,gw GNB,FW,Everton,26,1998,30,15,1534,17.0,8,0,8,8,0,0,2,0,8.2,8.2,1.2,9.4,15,16,77,0.47,0.00,0.47,0.47,0.47,0.48,0.07,0.55,0.48,0.55"
"59,Philip Billing,dk DEN,MF,Bournemouth,28,1996,10,1,184,2.0,0,0,0,0,0,0,1,0,0.6,0.6,1.1,1.7,3,15,13,0.00,0.00,0.00,0.00,0.00,0.28,0.54,0.82,0.28,0.82"
"60,Yves Bissouma,ml MLI,MF,Tottenham,27,1996,28,16,1408,15.6,2,0,2,2,0,0,7,0,0.6,0.6,0.3,0.9,15,75,3,0.13,0.00,0.13,0.13,0.13,0.04,0.02,0.06,0.04,0.06"
"61,Oscar Bobb,no NOR,FW,Manchester City,21,2003,3,0,16,0.2,0,0,0,0,0,0,0,0,0.0,0.0,0.1,0.1,1,1,1,0.00,0.00,0.00,0.00,0.00,0.00,0.41,0.41,0.00,0.41"
"62,Lamare Bogarde,nl NED,""DF,MF"",Aston Villa,20,2004,8,5,476,5.3,0,0,0,0,0,0,2,0,0.0,0.0,0.1,0.2,12,14,9,0.00,0.00,0.00,0.00,0.00,0.01,0.02,0.03,0.01,0.03"
"63,Willy Boly,ci CIV,DF,Nott'ham Forest,33,1991,6,1,150,1.7,0,0,0,0,0,0,1,0,0.1,0.1,0.0,0.1,0,2,0,0.00,0.00,0.00,0.00,0.00,0.04,0.00,0.04,0.04,0.04"
"64,Sven Botman,nl NED,DF,Newcastle Utd,24,2000,8,6,412,4.6,0,0,0,0,0,0,1,0,0.5,0.5,0.5,1.1,0,7,0,0.00,0.00,0.00,0.00,0.00,0.12,0.12,0.24,0.12,0.24"
"65,Jarrod Bowen,eng ENG,""FW,MF"",West Ham,27,1996,34,34,2973,33.0,13,8,21,12,1,1,1,0,8.6,7.8,6.8,14.7,109,91,212,0.39,0.24,0.64,0.36,0.61,0.26,0.21,0.47,0.24,0.44"
"66,Conor Bradley,nir NIR,DF,Liverpool,21,2003,19,7,754,8.4,0,2,2,0,0,0,4,0,0.7,0.7,1.4,2.1,35,33,39,0.00,0.24,0.24,0.00,0.24,0.08,0.17,0.25,0.08,0.25"
"67,Jarrad Branthwaite,eng ENG,DF,Everton,22,2002,30,28,2511,27.9,0,1,1,0,0,0,4,0,1.2,1.2,0.7,1.9,10,66,2,0.00,0.04,0.04,0.00,0.04,0.04,0.02,0.07,0.04,0.07"
"68,James Bree,eng ENG,DF,Southampton,26,1997,17,13,1075,11.9,0,1,1,0,0,0,0,0,0.1,0.1,0.9,1.0,13,34,43,0.00,0.08,0.08,0.00,0.08,0.01,0.08,0.08,0.01,0.08"
"69,Ben Brereton,cl CHI,FW,Southampton,25,1999,10,4,449,5.0,0,0,0,0,0,0,1,0,0.9,0.9,0.1,1.0,12,9,42,0.00,0.00,0.00,0.00,0.00,0.18,0.02,0.20,0.18,0.20"
"70,Nathan Broadhead,wls WAL,""MF,FW"",Ipswich Town,26,1998,18,7,702,7.8,2,0,2,2,0,0,1,0,1.7,1.7,0.7,2.4,20,14,33,0.26,0.00,0.26,0.26,0.26,0.22,0.09,0.31,0.22,0.31"
"71,Armando Broja,al ALB,FW,Everton,22,2001,10,4,334,3.7,0,0,0,0,0,0,1,0,0.1,0.1,0.2,0.3,12,2,26,0.00,0.00,0.00,0.00,0.00,0.03,0.05,0.08,0.03,0.08"
"72,David Brooks,wls WAL,""FW,MF"",Bournemouth,27,1997,29,9,960,10.7,2,0,2,2,0,0,3,0,2.5,2.5,1.9,4.4,35,35,83,0.19,0.00,0.19,0.19,0.19,0.24,0.18,0.41,0.24,0.41"
"73,Emi BuendÃ­a,ar ARG,""MF,FW"",Aston Villa,27,1996,12,0,98,1.1,0,0,0,0,0,0,1,0,0.7,0.7,0.0,0.7,3,7,6,0.00,0.00,0.00,0.00,0.00,0.60,0.02,0.62,0.60,0.62"
"74,Santiago Bueno,uy URU,DF,Wolves,25,1998,29,18,1687,18.7,0,0,0,0,0,0,2,0,0.4,0.4,0.0,0.4,1,28,1,0.00,0.00,0.00,0.00,0.00,0.02,0.00,0.02,0.02,0.02"
"75,Facundo Buonanotte,ar ARG,""FW,MF"",Leicester City,19,2004,31,14,1523,16.9,5,2,7,5,0,0,8,0,3.9,3.9,3.1,7.0,39,54,74,0.30,0.12,0.41,0.30,0.41,0.23,0.18,0.41,0.23,0.41"
"76,Cameron Burgess,au AUS,DF,Ipswich Town,28,1995,18,16,1541,17.1,0,2,2,0,0,0,0,0,1.1,1.1,0.5,1.6,2,42,4,0.00,0.12,0.12,0.00,0.12,0.06,0.03,0.09,0.06,0.09"
"77,Dan Burn,eng ENG,DF,Newcastle Utd,32,1992,37,37,3330,37.0,1,1,2,1,0,0,11,0,2.0,2.0,0.9,2.8,12,75,14,0.03,0.03,0.05,0.03,0.05,0.05,0.02,0.08,0.05,0.08"
"78,Wes Burns,wls WAL,""FW,DF"",Ipswich Town,29,1994,18,12,926,10.3,0,1,1,0,0,0,1,0,0.5,0.5,1.6,2.2,38,8,65,0.00,0.10,0.10,0.00,0.10,0.05,0.16,0.21,0.05,0.21"
"79,Nathan Butler-Oyedeji,eng ENG,FW,Arsenal,21,2003,1,0,7,0.1,0,0,0,0,0,0,0,0,0.1,0.1,0.0,0.1,0,0,0,0.00,0.00,0.00,0.00,0.00,0.94,0.00,0.94,0.94,0.94"
"80,MoisÃ©s Caicedo,ec ECU,""MF,DF"",Chelsea,22,2001,38,38,3351,37.2,1,2,3,1,0,0,11,0,0.8,0.8,3.0,3.8,43,215,37,0.03,0.05,0.08,0.03,0.08,0.02,0.08,0.10,0.02,0.10"
"81,Tom Cairney,sct SCO,MF,Fulham,33,1991,25,3,628,7.0,2,0,2,2,0,0,3,1,0.8,0.8,1.1,1.8,18,53,33,0.29,0.00,0.29,0.29,0.29,0.11,0.15,0.26,0.11,0.26"
"82,Jens Cajuste,se SWE,MF,Ipswich Town,24,1999,30,25,1959,21.8,1,1,2,1,0,0,2,0,0.7,0.7,0.8,1.5,26,59,20,0.05,0.05,0.09,0.05,0.09,0.03,0.04,0.07,0.03,0.07"
"83,Riccardo Calafiori,it ITA,DF,Arsenal,22,2002,19,11,983,10.9,2,1,3,2,0,0,4,0,0.9,0.9,0.3,1.1,22,54,29,0.18,0.09,0.27,0.18,0.27,0.08,0.03,0.11,0.08,0.11"
"84,Dominic Calvert-Lewin,eng ENG,FW,Everton,27,1997,26,19,1609,17.9,3,1,4,3,0,0,2,0,6.7,6.7,0.6,7.4,23,20,112,0.17,0.06,0.22,0.17,0.22,0.38,0.04,0.41,0.38,0.41"
"85,Diego Carlos,br BRA,DF,Aston Villa,31,1993,10,8,830,9.2,0,0,0,0,0,0,1,0,0.6,0.6,0.0,0.6,3,34,0,0.00,0.00,0.00,0.00,0.00,0.07,0.00,0.07,0.07,0.07"
"86,Fabio Carvalho,pt POR,""FW,MF"",Brentford,21,2002,19,3,455,5.1,2,1,3,2,0,0,1,0,2.5,2.5,0.7,3.2,9,17,23,0.40,0.20,0.59,0.40,0.59,0.49,0.13,0.62,0.49,0.62"
"87,Casemiro,br BRA,MF,Manchester Utd,32,1992,24,18,1494,16.6,1,0,1,1,0,0,5,0,1.9,1.9,2.3,4.2,4,84,28,0.06,0.00,0.06,0.06,0.06,0.11,0.14,0.25,0.11,0.25"
"88,Kaelan Casey,eng ENG,DF,West Ham,19,2004,1,0,1,0.0,0,0,0,0,0,0,0,0,0.0,0.0,0.0,0.0,0,0,0,0.00,0.00,0.00,0.00,0.00,0.00,0.00,0.00,0.00,0.00"
"89,Matty Cash,pl POL,DF,Aston Villa,26,1997,27,24,2070,23.0,1,1,2,1,0,0,7,0,0.5,0.5,1.1,1.6,48,42,90,0.04,0.04,0.09,0.04,0.09,0.02,0.05,0.07,0.02,0.07"
"90,Eiran Cashin,ie IRL,DF,Brighton,22,2001,2,0,20,0.2,0,0,0,0,0,0,0,0,0.0,0.0,0.0,0.0,0,6,1,0.00,0.00,0.00,0.00,0.00,0.00,0.00,0.00,0.00,0.00"
"91,Timothy Castagne,be BEL,DF,Fulham,28,1995,24,17,1649,18.3,0,1,1,0,0,0,1,0,0.4,0.4,1.2,1.6,17,62,67,0.00,0.05,0.05,0.00,0.05,0.02,0.07,0.09,0.02,0.09"
"92,Trevoh Chalobah,eng ENG,DF,Crystal Palace,25,1999,12,12,1060,11.8,3,0,3,3,0,0,1,0,1.2,1.2,0.4,1.6,11,34,6,0.25,0.00,0.25,0.25,0.25,0.10,0.03,0.14,0.10,0.14"
"93,Trevoh Chalobah,eng ENG,DF,Chelsea,25,1999,13,11,910,10.1,0,1,1,0,0,0,2,0,0.8,0.8,1.2,2.0,4,37,2,0.00,0.10,0.10,0.00,0.10,0.08,0.12,0.19,0.08,0.19"
"94,Conor Chaplin,eng ENG,""MF,FW"",Ipswich Town,27,1997,22,10,857,9.5,1,1,2,1,0,0,2,0,1.5,1.5,0.7,2.2,13,29,23,0.11,0.11,0.21,0.11,0.21,0.16,0.07,0.23,0.16,0.23"
"95,Youssef Chermiti,pt POR,""FW,MF"",Everton,20,2004,4,0,45,0.5,0,0,0,0,0,0,1,0,0.1,0.1,0.0,0.1,0,1,6,0.00,0.00,0.00,0.00,0.00,0.22,0.00,0.22,0.22,0.22"
"96,Federico Chiesa,it ITA,FW,Liverpool,26,1997,6,1,108,1.2,0,0,0,0,0,0,0,0,0.3,0.3,0.2,0.5,3,3,7,0.00,0.00,0.00,0.00,0.00,0.28,0.15,0.43,0.28,0.43"
"97,Ben Chilwell,eng ENG,DF,Crystal Palace,27,1996,8,1,259,2.9,1,0,1,1,0,0,1,0,0.2,0.2,0.8,1.0,5,8,15,0.35,0.00,0.35,0.35,0.35,0.08,0.26,0.34,0.08,0.34"
"98,Chiquinho,pt POR,MF,Wolves,24,2000,1,0,7,0.1,0,0,0,0,0,0,0,0,0.0,0.0,0.0,0.0,0,0,0,0.00,0.00,0.00,0.00,0.00,0.00,0.42,0.42,0.00,0.42"
"99,Hamza Choudhury,bd BAN,""MF,DF"",Leicester City,26,1997,4,1,131,1.5,0,0,0,0,0,0,0,0,0.0,0.0,0.4,0.4,4,3,6,0.00,0.00,0.00,0.00,0.00,0.00,0.27,0.27,0.00,0.27"
"100,Ryan Christie,sct SCO,MF,Bournemouth,29,1995,29,27,2117,23.5,2,3,5,2,0,0,9,0,1.8,1.8,3.5,5.4,34,137,44,0.09,0.13,0.21,0.09,0.21,0.08,0.15,0.23,0.08,0.23"
"101,Harry Clarke,eng ENG,DF,Ipswich Town,23,2001,7,4,379,4.2,0,0,0,0,0,0,3,1,0.1,0.1,0.0,0.1,5,14,2,0.00,0.00,0.00,0.00,0.00,0.02,0.01,0.03,0.02,0.03"
"102,Jack Clarke,eng ENG,""FW,MF"",Ipswich Town,23,2000,32,12,1181,13.1,0,4,4,0,0,0,2,0,1.2,1.2,2.3,3.5,39,44,57,0.00,0.30,0.30,0.00,0.30,0.09,0.17,0.26,0.09,0.26"
"103,Nathaniel Clyne,eng ENG,""DF,MF"",Crystal Palace,33,1991,13,5,483,5.4,0,0,0,0,0,0,1,0,0.0,0.0,0.3,0.3,6,7,8,0.00,0.00,0.00,0.00,0.00,0.00,0.06,0.06,0.00,0.06"
"104,Conor Coady,eng ENG,DF,Leicester City,31,1993,22,19,1714,19.0,1,0,1,1,0,0,3,0,0.4,0.4,0.1,0.5,3,32,0,0.05,0.00,0.05,0.05,0.05,0.02,0.00,0.03,0.02,0.03"
"105,SÃ©amus Coleman,ie IRL,DF,Everton,35,1988,5,3,215,2.4,0,0,0,0,0,0,1,0,0.6,0.6,0.0,0.6,1,11,7,0.00,0.00,0.00,0.00,0.00,0.24,0.00,0.24,0.24,0.24"
"106,Nathan Collins,ie IRL,DF,Brentford,23,2001,38,38,3420,38.0,2,3,5,2,0,0,5,0,2.5,2.5,1.8,4.3,32,127,18,0.05,0.08,0.13,0.05,0.13,0.07,0.05,0.11,0.07,0.11"
"107,Toby Collyer,eng ENG,MF,Manchester Utd,20,2004,6,0,179,2.0,0,0,0,0,0,0,0,0,0.2,0.2,0.3,0.4,0,5,2,0.00,0.00,0.00,0.00,0.00,0.09,0.13,0.22,0.09,0.22"
"108,Levi Colwill,eng ENG,DF,Chelsea,21,2003,35,35,3149,35.0,2,1,3,2,0,0,9,0,1.9,1.9,1.1,3.0,14,131,12,0.06,0.03,0.09,0.06,0.09,0.05,0.03,0.09,0.05,0.09"
"109,Lewis Cook,eng ENG,""MF,DF"",Bournemouth,27,1997,36,32,2978,33.1,1,3,4,1,0,0,8,1,0.9,0.9,4.1,5.1,33,158,52,0.03,0.09,0.12,0.03,0.12,0.03,0.12,0.15,0.03,0.15"
"110,Maxwel Cornet,ci CIV,FW,Southampton,27,1996,2,1,72,0.8,0,0,0,0,0,0,1,0,0.2,0.2,0.0,0.2,1,0,5,0.00,0.00,0.00,0.00,0.00,0.20,0.00,0.20,0.20,0.20"
"111,VladimÃ­r Coufal,cz CZE,DF,West Ham,31,1992,22,11,1067,11.9,0,0,0,0,0,0,5,0,0.3,0.3,0.7,1.0,26,39,33,0.00,0.00,0.00,0.00,0.00,0.03,0.06,0.08,0.03,0.08"
"112,Woyo Coulibaly,ml MLI,DF,Leicester City,25,1999,4,1,109,1.2,0,0,0,0,0,0,1,0,0.0,0.0,0.0,0.0,4,3,2,0.00,0.00,0.00,0.00,0.00,0.04,0.00,0.04,0.04,0.04"
"113,Aaron Cresswell,eng ENG,DF,West Ham,34,1989,18,10,824,9.2,0,0,0,0,0,0,3,0,0.2,0.2,1.3,1.6,6,36,4,0.00,0.00,0.00,0.00,0.00,0.03,0.15,0.17,0.03,0.17"
"114,Marc Cucurella,es ESP,DF,Chelsea,26,1998,36,33,2988,33.2,5,1,6,5,0,0,10,1,2.8,2.8,2.1,4.9,35,118,117,0.15,0.03,0.18,0.15,0.18,0.08,0.06,0.15,0.08,0.15"
"115,Jorge Cuenca,es ESP,DF,Fulham,24,1999,8,4,351,3.9,0,0,0,0,0,0,0,0,0.0,0.0,0.0,0.0,0,10,0,0.00,0.00,0.00,0.00,0.00,0.01,0.00,0.01,0.01,0.01"
"116,Matheus Cunha,br BRA,""MF,FW"",Wolves,25,1999,33,29,2597,28.9,15,6,21,15,0,0,4,0,8.6,8.6,7.7,16.4,112,144,161,0.52,0.21,0.73,0.52,0.73,0.30,0.27,0.57,0.30,0.57"
"117,Patson Daka,zm ZAM,""FW,MF"",Leicester City,25,1998,23,6,736,8.2,1,0,1,1,0,0,0,0,1.3,1.3,0.1,1.3,11,8,36,0.12,0.00,0.12,0.12,0.12,0.15,0.01,0.16,0.15,0.16"
"118,Diogo Dalot,pt POR,DF,Manchester Utd,25,1999,33,31,2814,31.3,0,3,3,0,0,0,5,0,2.0,2.0,2.0,4.1,62,103,168,0.00,0.10,0.10,0.00,0.10,0.07,0.07,0.13,0.07,0.13"
"119,Mikkel Damsgaard,dk DEN,""MF,FW"",Brentford,24,2000,38,34,2911,32.3,2,10,12,2,0,0,2,0,2.8,2.8,8.4,11.2,73,234,137,0.06,0.31,0.37,0.06,0.37,0.09,0.26,0.35,0.09,0.35"
"120,Danilo,br BRA,""MF,FW"",Nott'ham Forest,23,2001,8,5,275,3.1,0,0,0,0,0,0,0,0,0.0,0.0,0.0,0.0,2,11,1,0.00,0.00,0.00,0.00,0.00,0.00,0.00,0.00,0.00,0.00"
"121,Jayden Danns,eng ENG,MF,Liverpool,18,2006,1,0,11,0.1,0,0,0,0,0,0,0,0,0.0,0.0,0.0,0.0,0,0,0,0.00,0.00,0.00,0.00,0.00,0.00,0.00,0.00,0.00,0.00"
"122,Kevin Danso,at AUT,DF,Tottenham,25,1998,10,9,842,9.4,0,0,0,0,0,0,0,0,0.4,0.4,0.1,0.5,11,19,1,0.00,0.00,0.00,0.00,0.00,0.04,0.01,0.05,0.04,0.05"
"123,Ben Davies,wls WAL,DF,Tottenham,31,1993,17,14,1331,14.8,0,0,0,0,0,0,5,0,0.3,0.3,0.2,0.5,14,52,6,0.00,0.00,0.00,0.00,0.00,0.02,0.01,0.03,0.02,0.03"
"124,Leif Davis,eng ENG,DF,Ipswich Town,24,2000,33,32,2743,30.5,1,2,3,1,0,0,5,1,1.0,1.0,4.9,5.8,52,59,137,0.03,0.07,0.10,0.03,0.10,0.03,0.16,0.19,0.03,0.19"
"125,Craig Dawson,eng ENG,DF,Wolves,34,1990,15,10,971,10.8,0,0,0,0,0,0,2,0,0.5,0.5,0.0,0.5,6,20,5,0.00,0.00,0.00,0.00,0.00,0.05,0.00,0.05,0.05,0.05"
"126,Kevin De Bruyne,be BEL,""MF,FW"",Manchester City,33,1991,28,19,1702,18.9,4,7,11,4,0,0,2,0,5.1,5.1,8.0,13.1,51,157,150,0.21,0.37,0.58,0.21,0.58,0.27,0.42,0.69,0.27,0.69"
"127,Bobby De Cordova-Reid,jm JAM,FW,Leicester City,31,1993,23,9,744,8.3,1,2,3,1,0,0,2,0,0.8,0.8,1.2,2.0,14,15,48,0.12,0.24,0.36,0.12,0.36,0.10,0.15,0.24,0.10,0.24"
"128,Liam Delap,eng ENG,FW,Ipswich Town,21,2003,37,32,2593,28.8,12,2,14,10,2,2,12,0,9.3,7.8,1.9,9.7,61,30,110,0.42,0.07,0.49,0.35,0.42,0.32,0.07,0.39,0.27,0.34"
"129,Sepp van den Berg,nl NED,DF,Brentford,22,2001,31,29,2586,28.7,0,0,0,0,0,0,3,0,2.0,2.0,0.8,2.8,12,79,28,0.00,0.00,0.00,0.00,0.00,0.07,0.03,0.10,0.07,0.10"
"130,Justin Devenny,nir NIR,MF,Crystal Palace,20,2003,23,4,507,5.6,1,1,2,1,0,0,1,0,0.8,0.8,0.6,1.4,5,21,13,0.18,0.18,0.36,0.18,0.36,0.14,0.11,0.25,0.14,0.25"
"131,Kiernan Dewsbury-Hall,eng ENG,""MF,FW"",Chelsea,25,1998,13,2,264,2.9,0,1,1,0,0,0,0,0,0.2,0.2,1.1,1.3,5,14,11,0.00,0.34,0.34,0.00,0.34,0.08,0.36,0.44,0.08,0.44"
"132,Amad Diallo,ci CIV,""MF,FW"",Manchester Utd,22,2002,26,20,1901,21.1,8,6,14,8,0,0,5,0,4.7,4.7,4.9,9.6,109,60,200,0.38,0.28,0.66,0.38,0.66,0.22,0.23,0.45,0.22,0.45"
"133,RÃºben Dias,pt POR,DF,Manchester City,27,1997,27,25,2271,25.2,0,0,0,0,0,0,4,0,1.5,1.5,0.3,1.8,43,160,8,0.00,0.00,0.00,0.00,0.00,0.06,0.01,0.07,0.06,0.07"
"134,Luis DÃ­az,co COL,FW,Liverpool,27,1997,36,28,2399,26.7,13,5,18,13,0,0,2,0,12.0,12.0,5.0,17.1,108,110,293,0.49,0.19,0.68,0.49,0.68,0.45,0.19,0.64,0.45,0.64"
"135,Tyler Dibling,eng ENG,""FW,MF"",Southampton,18,2006,33,20,1874,20.8,2,0,2,2,0,0,6,0,2.5,2.5,1.5,4.1,69,64,96,0.10,0.00,0.10,0.10,0.10,0.12,0.07,0.20,0.12,0.20"
"136,Lucas Digne,fr FRA,DF,Aston Villa,31,1993,32,28,2351,26.1,0,4,4,0,0,0,4,0,0.8,0.8,4.7,5.5,23,57,142,0.00,0.15,0.15,0.00,0.15,0.03,0.18,0.21,0.03,0.21"
"137,Issa Diop,fr FRA,DF,Fulham,27,1997,21,15,1339,14.9,0,0,0,0,0,0,2,0,0.5,0.5,0.1,0.6,6,25,3,0.00,0.00,0.00,0.00,0.00,0.04,0.01,0.04,0.04,0.04"
"138,Axel Disasi,fr FRA,DF,Aston Villa,26,1998,7,5,490,5.4,0,0,0,0,0,0,2,0,0.1,0.1,0.4,0.5,10,16,5,0.00,0.00,0.00,0.00,0.00,0.02,0.07,0.09,0.02,0.09"
"139,Axel Disasi,fr FRA,DF,Chelsea,26,1998,6,4,364,4.0,1,0,1,1,0,0,1,0,0.3,0.3,0.1,0.4,6,16,2,0.25,0.00,0.25,0.25,0.25,0.07,0.02,0.09,0.07,0.09"
"140,Roman Dixon,eng ENG,DF,Everton,19,2004,1,1,90,1.0,0,0,0,0,0,0,0,0,0.0,0.0,0.0,0.0,0,0,1,0.00,0.00,0.00,0.00,0.00,0.00,0.00,0.00,0.00,0.00"
"141,Nasser Djiga,bf BFA,DF,Wolves,21,2002,5,1,66,0.7,0,0,0,0,0,0,0,0,0.0,0.0,0.0,0.0,0,3,2,0.00,0.00,0.00,0.00,0.00,0.00,0.00,0.00,0.00,0.00"
"142,Matt Doherty,ie IRL,DF,Wolves,32,1992,30,25,2109,23.4,2,1,3,2,0,0,6,0,1.0,1.0,1.5,2.6,29,79,41,0.09,0.04,0.13,0.09,0.13,0.04,0.07,0.11,0.04,0.11"
"143,Jeremy Doku,be BEL,""FW,MF"",Manchester City,22,2002,29,16,1516,16.8,3,6,9,3,0,0,1,0,1.3,1.3,4.8,6.1,213,69,286,0.18,0.36,0.53,0.18,0.53,0.08,0.29,0.36,0.08,0.36"
"144,NicolÃ¡s DomÃ­nguez,ar ARG,""MF,FW"",Nott'ham Forest,26,1998,34,23,1963,21.8,0,1,1,0,0,0,9,0,1.5,1.5,1.3,2.8,16,83,33,0.00,0.05,0.05,0.00,0.05,0.07,0.06,0.13,0.07,0.13"
"145,Patrick Dorgu,dk DEN,DF,Manchester Utd,19,2004,12,10,842,9.4,0,0,0,0,0,0,3,1,0.4,0.4,0.7,1.2,41,34,83,0.00,0.00,0.00,0.00,0.00,0.05,0.08,0.12,0.05,0.12"
"146,Alfie Dorrington,eng ENG,DF,Tottenham,19,2005,1,0,14,0.2,0,0,0,0,0,0,0,0,0.0,0.0,0.0,0.0,0,0,0,0.00,0.00,0.00,0.00,0.00,0.00,0.00,0.00,0.00,0.00"
"147,Abdoulaye DoucourÃ©,ml MLI,MF,Everton,31,1993,33,31,2564,28.5,3,2,5,3,0,0,5,1,4.1,4.1,2.4,6.6,42,82,96,0.11,0.07,0.18,0.11,0.18,0.15,0.09,0.23,0.15,0.23"
"148,Cheick DoucourÃ©,ml MLI,MF,Crystal Palace,24,2000,13,4,452,5.0,0,0,0,0,0,0,1,0,0.4,0.4,0.0,0.4,2,19,7,0.00,0.00,0.00,0.00,0.00,0.08,0.00,0.08,0.08,0.08"
"149,Flynn Downes,eng ENG,MF,Southampton,25,1999,27,25,2151,23.9,1,0,1,1,0,0,12,0,0.6,0.6,1.1,1.7,29,66,29,0.04,0.00,0.04,0.04,0.04,0.03,0.05,0.07,0.03,0.07"
"150,Tommy Doyle,eng ENG,MF,Wolves,22,2001,24,3,488,5.4,0,1,1,0,0,0,1,0,0.6,0.6,0.5,1.1,6,40,4,0.00,0.18,0.18,0.00,0.18,0.10,0.09,0.20,0.10,0.20"
"151,Radu DrÄƒguÈ™in,ro ROU,DF,Tottenham,22,2002,16,14,1252,13.9,0,0,0,0,0,0,1,0,0.1,0.1,0.4,0.5,7,37,2,0.00,0.00,0.00,0.00,0.00,0.01,0.03,0.04,0.01,0.04"
"152,Martin DÃºbravka,sk SVK,GK,Newcastle Utd,35,1989,10,10,900,10.0,0,0,0,0,0,0,0,0,0.0,0.0,0.0,0.0,0,0,0,0.00,0.00,0.00,0.00,0.00,0.00,0.00,0.00,0.00,0.00"
"153,Lewis Dunk,eng ENG,DF,Brighton,32,1991,25,23,2083,23.1,0,0,0,0,0,0,5,0,0.8,0.8,0.5,1.3,20,142,3,0.00,0.00,0.00,0.00,0.00,0.03,0.02,0.06,0.03,0.06"
"154,JÃ¡der DurÃ¡n,co COL,FW,Aston Villa,20,2003,20,4,638,7.1,7,0,7,7,0,0,3,1,4.9,4.9,0.2,5.1,7,13,44,0.99,0.00,0.99,0.99,0.99,0.69,0.03,0.71,0.69,0.71"
"155,Claudio Echeverri,ar ARG,FW,Manchester City,18,2006,1,0,6,0.1,0,0,0,0,0,0,0,0,0.0,0.0,0.0,0.0,0,1,1,0.00,0.00,0.00,0.00,0.00,0.00,0.00,0.00,0.00,0.00"
"156,Ederson,br BRA,GK,Manchester City,30,1993,26,26,2320,25.8,0,4,4,0,0,0,4,0,0.0,0.0,1.5,1.5,0,2,0,0.00,0.16,0.16,0.00,0.16,0.00,0.06,0.06,0.00,0.06"
"157,George Edmundson,eng ENG,DF,Ipswich Town,26,1997,1,0,2,0.0,0,0,0,0,0,0,0,0,0.0,0.0,0.0,0.0,0,0,0,0.00,0.00,0.00,0.00,0.00,0.00,0.00,0.00,0.00,0.00"
"158,Odsonne Ã‰douard,fr FRA,""MF,FW"",Crystal Palace,26,1998,2,1,115,1.3,0,0,0,0,0,0,0,0,0.4,0.4,0.0,0.4,3,4,7,0.00,0.00,0.00,0.00,0.00,0.31,0.04,0.34,0.31,0.34"
"159,Odsonne Ã‰douard,fr FRA,FW,Leicester City,26,1998,4,0,29,0.3,0,0,0,0,0,0,0,0,0.0,0.0,0.0,0.0,0,1,2,0.00,0.00,0.00,0.00,0.00,0.00,0.13,0.13,0.00,0.13"
"160,Samuel Edozie,eng ENG,""DF,FW"",Southampton,21,2003,2,0,65,0.7,0,0,0,0,0,0,1,0,0.0,0.0,0.1,0.1,6,4,23,0.00,0.00,0.00,0.00,0.00,0.00,0.14,0.14,0.00,0.14"
"161,Ronnie Edwards,eng ENG,DF,Southampton,21,2003,1,0,12,0.1,0,0,0,0,0,0,0,0,0.0,0.0,0.0,0.0,0,0,0,0.00,0.00,0.00,0.00,0.00,0.00,0.00,0.00,0.00,0.00"
"162,Anthony Elanga,se SWE,""FW,MF"",Nott'ham Forest,22,2002,38,31,2501,27.8,6,11,17,6,0,0,1,0,4.5,4.5,5.7,10.1,102,63,229,0.22,0.40,0.61,0.22,0.61,0.16,0.20,0.36,0.16,0.36"
"163,Harvey Elliott,eng ENG,MF,Liverpool,21,2003,18,2,371,4.1,1,2,3,1,0,0,1,0,1.8,1.8,1.1,2.8,10,44,30,0.24,0.49,0.73,0.24,0.73,0.43,0.26,0.69,0.43,0.69"
"164,Yunus Emre Konak,tr TUR,""FW,MF"",Brentford,18,2006,10,0,42,0.5,0,0,0,0,0,0,0,0,0.2,0.2,0.0,0.2,1,2,2,0.00,0.00,0.00,0.00,0.00,0.33,0.00,0.33,0.33,0.33"
"165,Julio Enciso,py PAR,""MF,FW"",Ipswich Town,20,2004,13,12,869,9.7,2,3,5,2,0,0,3,0,1.7,1.7,1.4,3.1,23,28,44,0.21,0.31,0.52,0.21,0.52,0.18,0.14,0.32,0.18,0.32"
"166,Julio Enciso,py PAR,""MF,FW"",Brighton,20,2004,12,2,294,3.3,0,0,0,0,0,0,0,0,1.0,1.0,0.2,1.2,11,14,17,0.00,0.00,0.00,0.00,0.00,0.31,0.07,0.38,0.31,0.38"
"167,Wataru Endo,jp JPN,""MF,DF"",Liverpool,31,1993,20,1,273,3.0,0,0,0,0,0,0,0,0,0.0,0.0,0.1,0.1,1,19,8,0.00,0.00,0.00,0.00,0.00,0.00,0.02,0.02,0.00,0.02"
"168,Christian Eriksen,dk DEN,MF,Manchester Utd,32,1992,23,11,1061,11.8,1,2,3,0,1,1,4,0,1.4,0.6,3.2,3.8,13,55,29,0.08,0.17,0.25,0.00,0.17,0.12,0.27,0.39,0.05,0.32"
"169,Romain Esse,eng ENG,MF,Crystal Palace,19,2005,7,1,138,1.5,1,1,2,1,0,0,0,0,0.3,0.3,0.4,0.7,1,7,14,0.65,0.65,1.30,0.65,1.30,0.21,0.27,0.48,0.21,0.48"
"170,Pervis EstupiÃ±Ã¡n,ec ECU,DF,Brighton,26,1998,30,26,2402,26.7,1,1,2,1,0,0,5,0,1.2,1.2,2.1,3.3,59,132,112,0.04,0.04,0.07,0.04,0.07,0.04,0.08,0.12,0.04,0.12"
"171,Evanilson,br BRA,FW,Bournemouth,24,1999,31,28,2319,25.8,10,1,11,10,0,1,1,1,12.5,11.7,1.9,13.6,29,28,99,0.39,0.04,0.43,0.39,0.43,0.48,0.07,0.56,0.45,0.53"
"172,Jake Evans,,FW,Leicester City,,,4,0,24,0.3,0,0,0,0,0,0,0,0,0.0,0.0,0.0,0.0,0,0,1,0.00,0.00,0.00,0.00,0.00,0.00,0.00,0.00,0.00,0.00"
"173,Jonny Evans,nir NIR,DF,Manchester Utd,36,1988,7,3,315,3.5,0,0,0,0,0,0,1,0,0.1,0.1,0.0,0.1,3,10,3,0.00,0.00,0.00,0.00,0.00,0.04,0.00,0.04,0.04,0.04"
"174,Eberechi Eze,eng ENG,""MF,FW"",Crystal Palace,26,1998,34,31,2588,28.8,8,8,16,7,1,2,1,0,10.5,8.9,6.2,15.1,69,97,153,0.28,0.28,0.56,0.24,0.52,0.36,0.22,0.58,0.31,0.53"
"175,Åukasz FabiaÅ„ski,pl POL,GK,West Ham,39,1985,14,13,1160,12.9,0,0,0,0,0,0,2,0,0.0,0.0,0.0,0.0,0,0,0,0.00,0.00,0.00,0.00,0.00,0.00,0.00,0.00,0.00,0.00"
"176,Wout Faes,be BEL,DF,Leicester City,26,1998,34,30,2815,31.3,1,0,1,1,0,0,4,0,1.5,1.5,0.1,1.6,12,86,1,0.03,0.00,0.03,0.03,0.03,0.05,0.00,0.05,0.05,0.05"
"177,Abdul Fatawu Issahaku,gh GHA,FW,Leicester City,20,2004,11,6,579,6.4,0,2,2,0,0,0,0,0,0.4,0.4,1.6,2.0,42,17,60,0.00,0.31,0.31,0.00,0.31,0.06,0.24,0.31,0.06,0.31"
"178,JoÃ£o FÃ©lix,pt POR,""FW,MF"",Chelsea,24,1999,12,3,369,4.1,1,1,2,1,0,0,2,0,2.2,2.2,1.0,3.2,21,26,30,0.24,0.24,0.49,0.24,0.49,0.54,0.23,0.78,0.54,0.78"
"179,Evan Ferguson,ie IRL,FW,West Ham,19,2004,8,1,156,1.7,0,0,0,0,0,0,0,0,0.6,0.6,0.3,0.9,1,1,7,0.00,0.00,0.00,0.00,0.00,0.32,0.17,0.50,0.32,0.50"
"180,Evan Ferguson,ie IRL,FW,Brighton,19,2004,13,2,246,2.7,1,0,1,1,0,0,0,0,0.5,0.5,0.4,1.0,2,1,9,0.37,0.00,0.37,0.37,0.37,0.20,0.15,0.35,0.20,0.35"
"181,Bruno Fernandes,pt POR,MF,Manchester Utd,29,1994,36,35,3018,33.5,8,10,18,5,3,3,5,2,9.9,7.6,8.5,16.1,77,325,129,0.24,0.30,0.54,0.15,0.45,0.30,0.25,0.55,0.23,0.48"
"182,Mateus Fernandes,pt POR,MF,Southampton,20,2004,36,34,2909,32.3,2,4,6,2,0,0,8,0,4.0,4.0,3.0,7.0,76,145,108,0.06,0.12,0.19,0.06,0.19,0.12,0.09,0.22,0.12,0.22"
"183,Enzo FernÃ¡ndez,ar ARG,MF,Chelsea,23,2001,36,32,2947,32.7,6,7,13,6,0,0,8,0,6.1,6.1,6.8,12.9,60,212,126,0.18,0.21,0.40,0.18,0.40,0.19,0.21,0.39,0.19,0.39"
"184,Mark Flekken,nl NED,GK,Brentford,31,1993,37,37,3275,36.4,0,2,2,0,0,0,1,0,0.0,0.0,0.5,0.5,0,0,0,0.00,0.05,0.05,0.00,0.05,0.00,0.01,0.01,0.00,0.01"
"185,Phil Foden,eng ENG,""MF,FW"",Manchester City,24,2000,28,20,1777,19.7,7,2,9,7,0,0,2,0,5.2,5.2,4.8,9.9,50,103,128,0.35,0.10,0.46,0.35,0.46,0.26,0.24,0.50,0.26,0.50"
"186,Wesley Fofana,fr FRA,DF,Chelsea,23,2000,14,14,1172,13.0,0,0,0,0,0,0,7,0,0.4,0.4,0.4,0.8,19,32,4,0.00,0.00,0.00,0.00,0.00,0.03,0.03,0.07,0.03,0.06"
"187,Carlos Forbs,pt POR,""MF,FW"",Wolves,20,2004,10,1,239,2.7,0,0,0,0,0,0,2,0,0.1,0.1,0.0,0.2,10,8,28,0.00,0.00,0.00,0.00,0.00,0.05,0.01,0.07,0.05,0.07"
"188,Fraser Forster,eng ENG,GK,Tottenham,36,1988,7,7,630,7.0,0,0,0,0,0,0,0,0,0.0,0.0,0.0,0.0,0,0,0,0.00,0.00,0.00,0.00,0.00,0.00,0.00,0.00,0.00,0.00"
"189,Matheus FranÃ§a,br BRA,""MF,FW"",Crystal Palace,20,2004,4,0,55,0.6,1,0,1,1,0,0,0,0,0.3,0.3,0.0,0.3,4,3,4,1.64,0.00,1.64,1.64,1.64,0.42,0.00,0.42,0.42,0.42"
"190,Ryan Fraser,sct SCO,""FW,DF"",Southampton,30,1994,8,4,306,3.4,0,0,0,0,0,0,0,1,0.0,0.0,0.1,0.1,10,8,18,0.00,0.00,0.00,0.00,0.00,0.01,0.03,0.04,0.01,0.04"
"191,Tyler Fredricson,eng ENG,DF,Manchester Utd,19,2005,2,2,165,1.8,0,0,0,0,0,0,0,0,0.0,0.0,0.0,0.0,2,8,0,0.00,0.00,0.00,0.00,0.00,0.00,0.00,0.00,0.00,0.00"
"192,Niclas FÃ¼llkrug,de GER,FW,West Ham,31,1993,18,6,790,8.8,3,2,5,3,0,0,2,0,2.2,2.2,1.9,4.1,7,14,31,0.34,0.23,0.57,0.34,0.57,0.25,0.22,0.46,0.25,0.46"
"193,Cody Gakpo,nl NED,FW,Liverpool,25,1999,35,23,1935,21.5,10,4,14,10,0,0,5,0,7.1,7.1,4.4,11.5,59,52,278,0.47,0.19,0.65,0.47,0.65,0.33,0.20,0.53,0.33,0.53"
"194,Idrissa Gana Gueye,sn SEN,MF,Everton,34,1989,37,35,3063,34.0,0,3,3,0,0,0,9,0,1.1,1.1,1.7,2.8,27,145,27,0.00,0.09,0.09,0.00,0.09,0.03,0.05,0.08,0.03,0.08"
"195,AndrÃ©s GarcÃ­a,es ESP,""DF,MF"",Aston Villa,21,2003,7,5,318,3.5,0,0,0,0,0,0,0,0,0.0,0.0,0.2,0.2,26,15,28,0.00,0.00,0.00,0.00,0.00,0.01,0.05,0.06,0.01,0.06"
"196,Alejandro Garnacho,ar ARG,""MF,FW"",Manchester Utd,20,2004,36,23,2199,24.4,6,2,8,6,0,0,3,0,7.3,7.3,4.5,11.8,141,56,290,0.25,0.08,0.33,0.25,0.33,0.30,0.19,0.48,0.30,0.48"
"197,James Garner,eng ENG,""MF,DF"",Everton,23,2001,21,17,1594,17.7,0,1,1,0,0,0,5,0,0.7,0.7,1.4,2.1,15,50,30,0.00,0.06,0.06,0.00,0.06,0.04,0.08,0.12,0.04,0.12"
"198,Tyrique George,eng ENG,FW,Chelsea,18,2006,8,1,183,2.0,1,1,2,1,0,0,1,0,0.2,0.2,0.7,0.9,9,3,22,0.49,0.49,0.98,0.49,0.98,0.10,0.36,0.46,0.10,0.46"
"199,Morgan Gibbs-White,eng ENG,MF,Nott'ham Forest,24,2000,34,34,2803,31.1,7,8,15,7,0,0,11,1,6.3,6.3,5.0,11.2,69,164,136,0.22,0.26,0.48,0.22,0.48,0.20,0.16,0.36,0.20,0.36"
"200,Billy Gilmour,sct SCO,MF,Brighton,23,2001,2,1,98,1.1,0,0,0,0,0,0,0,0,0.1,0.1,0.0,0.1,2,11,2,0.00,0.00,0.00,0.00,0.00,0.07,0.00,0.07,0.07,0.07"
"201,Ben Godfrey,eng ENG,DF,Ipswich Town,26,1998,3,2,159,1.8,0,0,0,0,0,0,1,0,0.0,0.0,0.0,0.0,2,4,1,0.00,0.00,0.00,0.00,0.00,0.00,0.00,0.00,0.00,0.00"
"202,Martial Godo,eng ENG,""FW,DF"",Fulham,21,2003,2,0,24,0.3,0,0,0,0,0,0,0,0,0.0,0.0,0.1,0.1,2,3,6,0.00,0.00,0.00,0.00,0.00,0.00,0.21,0.21,0.00,0.21"
"203,Michael Golding,eng ENG,MF,Leicester City,18,2006,1,0,1,0.0,0,0,0,0,0,0,0,0,0.0,0.0,0.0,0.0,0,0,0,0.00,0.00,0.00,0.00,0.00,0.00,0.00,0.00,0.00,0.00"
"204,JoÃ£o Gomes,br BRA,MF,Wolves,23,2001,36,35,2974,33.0,3,1,4,3,0,0,11,1,2.9,2.9,1.2,4.1,59,165,76,0.09,0.03,0.12,0.09,0.12,0.09,0.04,0.12,0.09,0.12"
"205,Rodrigo Gomes,pt POR,""DF,FW"",Wolves,21,2003,25,7,810,9.0,2,0,2,2,0,0,0,0,0.7,0.7,0.9,1.6,23,27,81,0.22,0.00,0.22,0.22,0.22,0.08,0.10,0.18,0.08,0.18"
"206,Toti Gomes,pt POR,DF,Wolves,25,1999,31,30,2614,29.0,0,1,1,0,0,0,7,0,0.7,0.7,0.9,1.7,27,86,18,0.00,0.03,0.03,0.00,0.03,0.03,0.03,0.06,0.03,0.06"
"207,Diego GÃ³mez,py PAR,MF,Brighton,21,2003,16,4,516,5.7,1,0,1,1,0,0,0,0,0.9,0.9,0.7,1.6,8,27,23,0.17,0.00,0.17,0.17,0.17,0.15,0.13,0.28,0.15,0.28"
"208,Joe Gomez,eng ENG,DF,Liverpool,27,1997,9,6,519,5.8,0,0,0,0,0,0,1,0,0.3,0.3,0.1,0.4,5,35,2,0.00,0.00,0.00,0.00,0.00,0.06,0.02,0.08,0.06,0.08"
"209,NicolÃ¡s GonzÃ¡lez,es ESP,MF,Manchester City,22,2002,11,9,760,8.4,1,0,1,1,0,0,3,0,0.5,0.5,0.1,0.5,9,50,11,0.12,0.00,0.12,0.12,0.12,0.06,0.01,0.06,0.06,0.06"
"210,Anthony Gordon,eng ENG,""FW,MF"",Newcastle Utd,23,2001,34,28,2434,27.0,6,5,11,5,1,2,2,0,8.0,6.5,5.0,11.4,121,98,214,0.22,0.18,0.41,0.18,0.37,0.30,0.18,0.48,0.24,0.42"
"211,Ryan Gravenberch,nl NED,MF,Liverpool,22,2002,37,37,3160,35.1,0,4,4,0,0,0,6,1,1.1,1.1,3.1,4.2,70,181,55,0.00,0.11,0.11,0.00,0.11,0.03,0.09,0.12,0.03,0.12"
"212,Archie Gray,eng ENG,""DF,MF"",Tottenham,18,2006,28,19,1751,19.5,0,0,0,0,0,0,1,0,0.0,0.0,0.1,0.2,7,40,17,0.00,0.00,0.00,0.00,0.00,0.00,0.01,0.01,0.00,0.01"
"213,Jack Grealish,eng ENG,""FW,MF"",Manchester City,28,1995,20,7,721,8.0,1,1,2,1,0,0,3,0,1.1,1.1,1.8,3.0,69,52,118,0.12,0.12,0.25,0.12,0.25,0.14,0.23,0.37,0.14,0.37"
"214,Jacob Greaves,eng ENG,DF,Ipswich Town,23,2000,25,25,2205,24.5,1,0,1,1,0,0,5,0,1.3,1.3,0.3,1.6,11,69,11,0.04,0.00,0.04,0.04,0.04,0.05,0.01,0.06,0.05,0.06"
"215,Brajan Gruda,de GER,""MF,FW"",Brighton,20,2004,21,8,687,7.6,1,4,5,1,0,0,0,0,1.2,1.2,2.1,3.3,22,26,57,0.13,0.52,0.66,0.13,0.66,0.16,0.28,0.43,0.16,0.43"
"216,Albert GrÃ¸nbaek,dk DEN,""FW,MF"",Southampton,23,2001,4,2,143,1.6,0,0,0,0,0,0,0,0,0.1,0.1,0.0,0.1,1,1,3,0.00,0.00,0.00,0.00,0.00,0.07,0.01,0.08,0.07,0.08"
"217,GonÃ§alo Guedes,pt POR,""MF,FW"",Wolves,27,1996,29,10,995,11.1,2,4,6,2,0,0,1,0,3.2,3.2,1.3,4.5,41,40,79,0.18,0.36,0.54,0.18,0.54,0.29,0.11,0.40,0.29,0.40"
"218,Marc GuÃ©hi,eng ENG,DF,Crystal Palace,24,2000,34,34,3059,34.0,3,2,5,3,0,0,9,1,2.0,2.0,1.8,3.7,22,134,10,0.09,0.06,0.15,0.09,0.15,0.06,0.05,0.11,0.06,0.11"
"219,Luis Guilherme,br BRA,""MF,FW"",West Ham,18,2006,12,1,150,1.7,0,0,0,0,0,0,0,0,0.4,0.4,0.1,0.5,4,5,16,0.00,0.00,0.00,0.00,0.00,0.25,0.05,0.30,0.25,0.30"
"220,Bruno GuimarÃ£es,br BRA,MF,Newcastle Utd,26,1997,38,38,3271,36.3,5,6,11,5,0,0,7,0,4.3,4.3,6.1,10.4,64,271,96,0.14,0.17,0.30,0.14,0.30,0.12,0.17,0.29,0.12,0.29"
"221,Marc Guiu,es ESP,FW,Chelsea,18,2006,3,0,73,0.8,0,0,0,0,0,0,0,0,0.0,0.0,0.0,0.0,0,0,3,0.00,0.00,0.00,0.00,0.00,0.00,0.04,0.04,0.00,0.04"
"222,Ä°lkay GÃ¼ndoÄŸan,de GER,MF,Manchester City,33,1990,33,25,2223,24.7,1,6,7,1,0,0,1,0,3.2,3.2,3.5,6.7,64,127,96,0.04,0.24,0.28,0.04,0.28,0.13,0.14,0.27,0.13,0.27"
"223,Malo Gusto,fr FRA,DF,Chelsea,21,2003,32,19,1862,20.7,0,1,1,0,0,0,4,0,1.7,1.7,1.4,3.1,50,119,85,0.00,0.05,0.05,0.00,0.05,0.08,0.07,0.15,0.08,0.15"
"224,JoÅ¡ko Gvardiol,hr CRO,DF,Manchester City,22,2002,37,36,3277,36.4,5,0,5,5,0,0,2,0,4.6,4.3,2.1,6.3,91,264,121,0.14,0.00,0.14,0.14,0.14,0.13,0.06,0.18,0.12,0.17"
"225,Erling Haaland,no NOR,FW,Manchester City,24,2000,31,31,2736,30.4,22,3,25,19,3,4,2,0,22.0,18.8,3.0,21.8,24,20,124,0.72,0.10,0.82,0.62,0.72,0.72,0.10,0.82,0.62,0.72"
"226,Lewis Hall,eng ENG,DF,Newcastle Utd,19,2004,27,24,2189,24.3,0,4,4,0,0,0,3,0,0.4,0.4,4.3,4.7,41,123,80,0.00,0.16,0.16,0.00,0.16,0.02,0.18,0.19,0.02,0.19"
"227,Ali Al Hamadi,iq IRQ,FW,Ipswich Town,22,2002,11,0,134,1.5,0,0,0,0,0,0,3,0,0.4,0.4,0.1,0.4,4,3,14,0.00,0.00,0.00,0.00,0.00,0.24,0.05,0.28,0.24,0.28"
"228,Marcus Harness,eng ENG,MF,Ipswich Town,28,1996,2,0,45,0.5,0,0,0,0,0,0,0,0,0.0,0.0,0.0,0.0,0,2,1,0.00,0.00,0.00,0.00,0.00,0.00,0.00,0.00,0.00,0.00"
"229,Jack Harrison,eng ENG,FW,Everton,27,1996,34,24,2076,23.1,1,0,1,1,0,0,0,0,3.5,3.5,3.7,7.2,73,51,127,0.04,0.00,0.04,0.04,0.04,0.15,0.16,0.31,0.15,0.31"
"230,Taylor Harwood-Bellis,eng ENG,DF,Southampton,22,2002,34,32,2825,31.4,1,0,1,1,0,0,9,0,1.8,1.8,1.0,2.8,29,125,9,0.03,0.00,0.03,0.03,0.03,0.06,0.03,0.09,0.06,0.09"
"231,Kai Havertz,de GER,""FW,MF"",Arsenal,25,1999,23,21,1875,20.8,9,3,12,9,0,0,5,0,9.5,9.5,2.4,12.0,35,61,113,0.43,0.14,0.58,0.43,0.58,0.46,0.12,0.57,0.46,0.57"
"232,Ayden Heaven,eng ENG,DF,Manchester Utd,17,2006,4,2,170,1.9,0,0,0,0,0,0,1,0,0.1,0.1,0.0,0.2,1,7,1,0.00,0.00,0.00,0.00,0.00,0.07,0.01,0.08,0.07,0.08"
"233,Jan Paul van Hecke,nl NED,DF,Brighton,24,2000,34,33,2958,32.9,1,1,2,1,0,0,8,1,1.3,1.3,1.5,2.8,55,228,5,0.03,0.03,0.06,0.03,0.06,0.04,0.05,0.09,0.04,0.09"
"234,Hwang Hee-chan,kr KOR,""MF,FW"",Wolves,28,1996,21,5,661,7.3,2,0,2,2,0,0,0,0,0.8,0.8,0.1,0.9,15,12,42,0.27,0.00,0.27,0.27,0.27,0.11,0.02,0.13,0.11,0.13"
"235,Dean Henderson,eng ENG,GK,Crystal Palace,27,1997,38,38,3420,38.0,0,0,0,0,0,0,3,0,0.0,0.0,0.2,0.2,0,0,0,0.00,0.00,0.00,0.00,0.00,0.00,0.00,0.00,0.00,0.00"
"236,Rico Henry,eng ENG,DF,Brentford,27,1997,5,0,99,1.1,0,0,0,0,0,0,0,0,0.0,0.0,0.0,0.0,0,4,5,0.00,0.00,0.00,0.00,0.00,0.00,0.00,0.00,0.00,0.00"
"237,Mads Hermansen,dk DEN,GK,Leicester City,24,2000,27,27,2385,26.5,0,0,0,0,0,0,1,0,0.0,0.0,0.0,0.0,0,1,0,0.00,0.00,0.00,0.00,0.00,0.00,0.00,0.00,0.00,0.00"
"238,Son Heung-min,kr KOR,FW,Tottenham,32,1992,30,24,2110,23.4,7,9,16,6,1,2,1,0,7.2,5.7,8.2,13.9,96,111,265,0.30,0.38,0.68,0.26,0.64,0.31,0.35,0.66,0.24,0.59"
"239,James Hill,eng ENG,DF,Bournemouth,22,2002,10,6,448,5.0,0,1,1,0,0,0,1,0,0.3,0.3,0.3,0.6,3,16,8,0.00,0.20,0.20,0.00,0.20,0.06,0.05,0.11,0.06,0.11"
"240,Jack Hinshelwood,eng ENG,""MF,DF"",Brighton,19,2005,26,22,1842,20.5,5,2,7,5,0,0,5,0,2.7,2.7,1.5,4.2,19,68,54,0.24,0.10,0.34,0.24,0.34,0.13,0.07,0.21,0.13,0.21"
"241,George Hirst,sct SCO,FW,Ipswich Town,25,1999,26,5,661,7.3,3,1,4,3,0,0,3,0,2.1,2.1,0.3,2.5,9,13,31,0.41,0.14,0.54,0.41,0.54,0.29,0.05,0.34,0.29,0.34"
"242,Mason Holgate,jm JAM,""FW,DF"",Everton,27,1996,1,0,6,0.1,0,0,0,0,0,0,0,0,0.0,0.0,0.0,0.0,0,0,0,0.00,0.00,0.00,0.00,0.00,0.00,0.00,0.00,0.00,0.00"
"243,Harry Howell,eng ENG,FW,Brighton,15,2008,1,0,7,0.1,0,0,0,0,0,0,0,0,0.0,0.0,0.0,0.0,0,0,3,0.00,0.00,0.00,0.00,0.00,0.00,0.00,0.00,0.00,0.00"
"244,Callum Hudson-Odoi,eng ENG,""FW,MF"",Nott'ham Forest,23,2000,31,25,2194,24.4,5,2,7,5,0,0,2,0,2.5,2.5,2.7,5.2,130,71,189,0.21,0.08,0.29,0.21,0.29,0.10,0.11,0.21,0.10,0.21"
"245,Will Hughes,eng ENG,MF,Crystal Palace,29,1995,33,24,2108,23.4,0,3,3,0,0,0,11,0,1.1,1.1,3.1,4.2,20,87,27,0.00,0.13,0.13,0.00,0.13,0.05,0.13,0.18,0.05,0.18"
"246,Dean Huijsen,es ESP,DF,Bournemouth,19,2005,32,26,2427,27.0,3,2,5,3,0,0,10,0,1.9,1.9,2.0,3.9,41,132,10,0.11,0.07,0.19,0.11,0.19,0.07,0.08,0.14,0.07,0.14"
"247,Omari Hutchinson,eng ENG,""MF,FW"",Ipswich Town,20,2003,31,30,2583,28.7,3,2,5,3,0,0,5,0,2.9,2.9,3.5,6.4,97,75,159,0.10,0.07,0.17,0.10,0.17,0.10,0.12,0.22,0.10,0.22"
"248,Rasmus HÃ¸jlund,dk DEN,FW,Manchester Utd,21,2003,32,23,2004,22.3,4,0,4,4,0,0,2,0,5.3,5.3,1.8,7.1,28,18,101,0.18,0.00,0.18,0.18,0.18,0.24,0.08,0.32,0.24,0.32"
"249,Igor,br BRA,DF,Brighton,26,1998,13,10,961,10.7,0,0,0,0,0,0,4,0,0.0,0.0,0.2,0.2,9,49,1,0.00,0.00,0.00,0.00,0.00,0.00,0.02,0.02,0.00,0.02"
"250,Danny Ings,eng ENG,""FW,MF"",West Ham,32,1992,15,1,284,3.2,1,2,3,1,0,0,0,0,2.3,2.3,1.3,3.5,6,5,29,0.32,0.63,0.95,0.32,0.95,0.72,0.41,1.12,0.72,1.12"
"251,Tim Iroegbunam,eng ENG,MF,Everton,21,2003,18,5,574,6.4,0,1,1,0,0,0,4,0,0.2,0.2,0.2,0.4,8,15,9,0.00,0.16,0.16,0.00,0.16,0.04,0.03,0.07,0.04,0.07"
"252,Andy Irving,sct SCO,MF,West Ham,24,2000,10,1,166,1.8,0,0,0,0,0,0,2,0,0.1,0.1,0.2,0.4,0,9,4,0.00,0.00,0.00,0.00,0.00,0.06,0.13,0.19,0.06,0.19"
"253,Alexander Isak,se SWE,FW,Newcastle Utd,24,1999,34,34,2756,30.6,23,6,29,19,4,4,1,0,20.3,17.2,4.3,21.6,83,88,217,0.75,0.20,0.95,0.62,0.82,0.66,0.14,0.81,0.56,0.70"
"254,Alex Iwobi,ng NGA,""FW,MF"",Fulham,28,1996,38,35,2981,33.1,9,6,15,9,0,0,1,0,4.7,4.7,7.0,11.8,144,213,246,0.27,0.18,0.45,0.27,0.45,0.14,0.21,0.36,0.14,0.36"
"255,Nicolas Jackson,sn SEN,FW,Chelsea,23,2001,30,28,2220,24.7,10,5,15,10,0,0,7,1,12.3,12.3,4.3,16.6,47,38,129,0.41,0.20,0.61,0.41,0.61,0.50,0.17,0.67,0.50,0.67"
"256,Reece James,eng ENG,""DF,MF"",Chelsea,24,1999,19,12,1063,11.8,1,1,2,1,0,0,1,0,0.4,0.4,0.7,1.1,7,64,12,0.08,0.08,0.17,0.08,0.17,0.04,0.06,0.10,0.04,0.10"
"257,Vitaly Janelt,de GER,MF,Brentford,26,1998,32,27,2254,25.0,1,3,4,1,0,0,3,0,0.8,0.8,2.2,3.0,17,80,38,0.04,0.12,0.16,0.04,0.16,0.03,0.09,0.12,0.03,0.12"
"258,Vitezslav Jaros,cz CZE,GK,Liverpool,23,2001,1,0,12,0.1,0,0,0,0,0,0,0,0,0.0,0.0,0.0,0.0,0,0,0,0.00,0.00,0.00,0.00,0.00,0.00,0.00,0.00,0.00,0.00"
"259,Daniel Jebbison,ca CAN,FW,Bournemouth,20,2003,16,0,119,1.3,1,0,1,1,0,0,1,0,1.0,1.0,0.2,1.2,4,3,16,0.76,0.00,0.76,0.76,0.76,0.75,0.15,0.90,0.75,0.90"
"260,Mathias Jensen,dk DEN,MF,Brentford,28,1996,24,8,862,9.6,0,2,2,0,0,0,2,0,0.2,0.2,1.7,1.9,6,61,27,0.00,0.21,0.21,0.00,0.21,0.03,0.17,0.20,0.03,0.20"
"261,Gabriel Jesus,br BRA,FW,Arsenal,27,1997,17,6,608,6.8,3,0,3,3,0,0,4,0,3.0,3.0,0.7,3.7,15,19,57,0.44,0.00,0.44,0.44,0.44,0.44,0.10,0.54,0.44,0.54"
"262,RaÃºl JimÃ©nez,mx MEX,FW,Fulham,33,1991,38,30,2494,27.7,12,3,15,9,3,3,4,0,12.0,9.6,3.3,12.9,35,62,125,0.43,0.11,0.54,0.32,0.43,0.43,0.12,0.55,0.35,0.47"
"263,Kim Jisoo,kr KOR,DF,Brentford,19,2004,3,0,30,0.3,0,0,0,0,0,0,0,0,0.0,0.0,0.0,0.0,0,2,0,0.00,0.00,0.00,0.00,0.00,0.00,0.00,0.00,0.00,0.00"
"264,JoÃ£o Pedro,br BRA,""FW,MF"",Brighton,22,2001,27,23,1948,21.6,10,6,16,5,5,5,4,1,8.9,5.0,5.0,10.0,66,78,128,0.46,0.28,0.74,0.23,0.51,0.41,0.23,0.64,0.23,0.46"
"265,Joelinton,br BRA,""MF,FW"",Newcastle Utd,27,1996,29,29,2393,26.6,4,3,7,4,0,0,10,0,3.9,3.9,2.5,6.4,40,116,110,0.15,0.11,0.26,0.15,0.26,0.15,0.09,0.24,0.15,0.24"
"266,Ben Johnson,eng ENG,""DF,FW"",Ipswich Town,24,2000,23,14,1354,15.0,1,2,3,1,0,0,5,1,1.1,1.1,1.3,2.3,16,27,33,0.07,0.13,0.20,0.07,0.20,0.07,0.09,0.16,0.07,0.16"
"267,Brennan Johnson,wls WAL,FW,Tottenham,23,2001,33,24,2177,24.2,11,3,14,11,0,0,5,0,10.4,10.4,2.3,12.7,60,71,197,0.45,0.12,0.58,0.45,0.58,0.43,0.09,0.52,0.43,0.52"
"268,Sam Johnstone,eng ENG,GK,Wolves,31,1993,7,7,630,7.0,0,0,0,0,0,0,0,0,0.0,0.0,0.0,0.0,0,0,0,0.00,0.00,0.00,0.00,0.00,0.00,0.00,0.00,0.00,0.00"
"269,Curtis Jones,eng ENG,""MF,DF"",Liverpool,23,2001,33,19,1712,19.0,3,3,6,3,0,0,3,1,4.3,4.3,1.1,5.4,30,117,79,0.16,0.16,0.32,0.16,0.32,0.23,0.06,0.29,0.23,0.29"
"270,Jorginho,it ITA,MF,Arsenal,32,1991,15,9,704,7.8,0,0,0,0,0,0,5,0,0.1,0.1,0.4,0.5,12,48,6,0.00,0.00,0.00,0.00,0.00,0.01,0.05,0.06,0.01,0.06"
"271,Diogo Jota,pt POR,FW,Liverpool,27,1996,26,14,1196,13.3,6,3,9,6,0,0,2,0,7.9,7.9,1.8,9.8,37,34,88,0.45,0.23,0.68,0.45,0.68,0.60,0.14,0.74,0.60,0.74"
"272,James Justin,eng ENG,DF,Leicester City,26,1998,36,34,2912,32.4,2,2,4,2,0,0,6,0,1.5,1.5,0.8,2.3,39,91,96,0.06,0.06,0.12,0.06,0.12,0.05,0.03,0.07,0.05,0.07"
"273,Filip JÃ¸rgensen,dk DEN,GK,Chelsea,22,2002,6,6,540,6.0,0,0,0,0,0,0,0,0,0.0,0.0,0.0,0.0,0,0,0,0.00,0.00,0.00,0.00,0.00,0.00,0.00,0.00,0.00,0.00"
"274,Ferdi Kadioglu,tr TUR,""DF,MF"",Brighton,24,1999,6,5,385,4.3,1,0,1,1,0,0,1,0,0.4,0.4,0.2,0.6,1,15,27,0.23,0.00,0.23,0.23,0.23,0.10,0.04,0.14,0.10,0.14"
"275,Daichi Kamada,jp JPN,MF,Crystal Palace,27,1996,34,15,1564,17.4,0,0,0,0,0,0,4,1,1.1,1.1,1.9,3.0,25,89,56,0.00,0.00,0.00,0.00,0.00,0.06,0.11,0.17,0.06,0.17"
"276,Boubacar Kamara,fr FRA,MF,Aston Villa,24,1999,26,20,1726,19.2,1,0,1,1,0,0,2,0,0.8,0.8,0.9,1.7,19,85,7,0.05,0.00,0.05,0.05,0.05,0.04,0.05,0.09,0.04,0.09"
"277,Joachim Kayi Sanda,fr FRA,DF,Southampton,17,2006,2,0,14,0.2,0,0,0,0,0,0,0,0,0.0,0.0,0.0,0.0,0,1,0,0.00,0.00,0.00,0.00,0.00,0.00,0.00,0.00,0.00,0.00"
"278,Michael Kayode,it ITA,DF,Brentford,20,2004,12,6,528,5.9,0,1,1,0,0,0,2,0,0.2,0.2,1.2,1.5,12,12,24,0.00,0.17,0.17,0.00,0.17,0.04,0.21,0.25,0.04,0.25"
"279,Michael Keane,eng ENG,DF,Everton,31,1993,14,11,1049,11.7,3,0,3,3,0,0,5,0,0.6,0.6,0.1,0.7,1,14,3,0.26,0.00,0.26,0.26,0.26,0.05,0.01,0.06,0.05,0.06"
"280,CaoimhÃ­n Kelleher,ie IRL,GK,Liverpool,25,1998,10,10,900,10.0,0,0,0,0,0,0,0,0,0.0,0.0,0.0,0.0,0,0,0,0.00,0.00,0.00,0.00,0.00,0.00,0.00,0.00,0.00,0.00"
"281,Lloyd Kelly,eng ENG,DF,Newcastle Utd,25,1998,10,4,303,3.4,0,1,1,0,0,0,2,0,0.4,0.4,0.5,0.9,0,9,5,0.00,0.30,0.30,0.00,0.30,0.12,0.14,0.26,0.12,0.26"
"282,Milos Kerkez,hu HUN,DF,Bournemouth,20,2003,38,38,3336,37.1,2,5,7,2,0,0,4,0,0.6,0.5,3.9,4.4,106,159,197,0.05,0.13,0.19,0.05,0.19,0.02,0.10,0.12,0.01,0.12"
"283,Bilal El Khannouss,ma MAR,""MF,FW"",Leicester City,20,2004,32,27,2182,24.2,2,3,5,2,0,0,4,0,1.3,1.3,4.6,5.8,73,128,89,0.08,0.12,0.21,0.08,0.21,0.05,0.19,0.24,0.05,0.24"
"284,Abdukodir Khusanov,uz UZB,DF,Manchester City,20,2004,6,6,503,5.6,0,0,0,0,0,0,1,0,0.0,0.0,0.1,0.1,1,25,2,0.00,0.00,0.00,0.00,0.00,0.00,0.02,0.02,0.00,0.02"
"285,Max Kilman,eng ENG,DF,West Ham,27,1997,38,38,3348,37.2,0,1,1,0,0,0,5,0,1.6,1.6,1.2,2.8,31,113,6,0.00,0.03,0.03,0.00,0.03,0.04,0.03,0.08,0.04,0.08"
"286,Joshua King,eng ENG,MF,Fulham,17,2007,8,1,130,1.4,0,0,0,0,0,0,0,0,0.3,0.3,0.4,0.7,3,9,16,0.00,0.00,0.00,0.00,0.00,0.22,0.30,0.51,0.22,0.51"
"287,Tom King,wls WAL,GK,Wolves,29,1995,1,0,1,0.0,0,0,0,0,0,0,0,0,0.0,0.0,0.0,0.0,0,0,0,0.00,0.00,0.00,0.00,0.00,0.00,0.00,0.00,0.00,0.00"
"288,AntonÃ­n KinskÃ½,cz CZE,GK,Tottenham,21,2003,6,6,540,6.0,0,0,0,0,0,0,0,0,0.0,0.0,0.1,0.1,1,1,0,0.00,0.00,0.00,0.00,0.00,0.00,0.01,0.01,0.00,0.01"
"289,Jakub Kiwior,pl POL,DF,Arsenal,24,2000,17,10,1122,12.5,1,0,1,1,0,0,1,0,0.2,0.2,0.3,0.5,5,48,1,0.08,0.00,0.08,0.08,0.08,0.01,0.03,0.04,0.01,0.04"
"290,Justin Kluivert,nl NED,MF,Bournemouth,25,1999,34,29,2340,26.0,12,6,18,6,6,6,8,0,10.3,5.6,4.8,10.5,81,105,173,0.46,0.23,0.69,0.23,0.46,0.40,0.19,0.58,0.22,0.40"
"291,Ibrahima KonatÃ©,fr FRA,DF,Liverpool,25,1999,31,30,2560,28.4,1,2,3,1,0,0,5,0,1.7,1.7,1.0,2.7,25,115,3,0.04,0.07,0.11,0.04,0.11,0.06,0.03,0.10,0.06,0.10"
"292,Ezri Konsa,eng ENG,DF,Aston Villa,26,1997,34,33,2936,32.6,2,0,2,2,0,0,1,0,1.3,1.3,0.4,1.7,24,90,11,0.06,0.00,0.06,0.06,0.06,0.04,0.01,0.05,0.04,0.05"
"293,Mateo KovaÄiÄ‡,hr CRO,MF,Manchester City,30,1994,31,25,2198,24.4,6,2,8,6,0,0,5,1,1.9,1.9,3.6,5.5,56,164,16,0.25,0.08,0.33,0.25,0.33,0.08,0.15,0.23,0.08,0.23"
"294,Caleb Kporha,eng ENG,DF,Crystal Palace,18,2006,2,0,13,0.1,0,0,0,0,0,0,0,0,0.0,0.0,0.0,0.0,1,0,0,0.00,0.00,0.00,0.00,0.00,0.00,0.00,0.00,0.00,0.00"
"295,Emil Krafth,se SWE,DF,Newcastle Utd,29,1994,12,2,342,3.8,0,0,0,0,0,0,2,0,0.0,0.0,0.1,0.1,5,8,3,0.00,0.00,0.00,0.00,0.00,0.01,0.02,0.03,0.01,0.03"
"296,Mohammed Kudus,gh GHA,""FW,MF"",West Ham,23,2000,32,31,2590,28.8,5,3,8,5,0,0,2,1,6.9,6.9,3.1,10.0,98,79,216,0.17,0.10,0.28,0.17,0.28,0.24,0.11,0.35,0.24,0.35"
"297,Dejan Kulusevski,se SWE,""MF,FW"",Tottenham,24,2000,32,27,2389,26.5,7,4,11,7,0,0,3,0,4.2,4.2,6.2,10.4,120,124,210,0.26,0.15,0.41,0.26,0.41,0.16,0.23,0.39,0.16,0.39"
"298,Maxence Lacroix,fr FRA,DF,Crystal Palace,24,2000,35,35,3116,34.6,1,1,2,1,0,0,5,0,3.4,3.4,1.0,4.4,8,65,7,0.03,0.03,0.06,0.03,0.06,0.10,0.03,0.13,0.10,0.13"
"299,Adam Lallana,eng ENG,MF,Southampton,36,1988,14,5,361,4.0,0,2,2,0,0,0,4,0,0.2,0.2,0.9,1.1,6,24,10,0.00,0.50,0.50,0.00,0.50,0.04,0.23,0.27,0.04,0.27"
"300,Tariq Lamptey,gh GHA,DF,Brighton,23,2000,15,10,860,9.6,2,2,4,2,0,0,0,0,0.4,0.4,0.8,1.2,32,14,45,0.21,0.21,0.42,0.21,0.42,0.04,0.08,0.12,0.04,0.12"
"301,Will Lankshear,eng ENG,""FW,MF"",Tottenham,19,2005,3,0,11,0.1,0,0,0,0,0,0,0,0,0.0,0.0,0.0,0.0,0,0,1,0.00,0.00,0.00,0.00,0.00,0.00,0.00,0.00,0.00,0.00"
"302,RomÃ©o Lavia,be BEL,MF,Chelsea,20,2004,16,11,797,8.9,0,1,1,0,0,0,4,0,0.3,0.3,0.7,1.0,3,31,7,0.00,0.11,0.11,0.00,0.11,0.03,0.08,0.11,0.03,0.11"
"303,Mario Lemina,ga GAB,""MF,DF"",Wolves,30,1993,17,15,1364,15.2,1,3,4,1,0,0,4,0,1.4,1.4,1.1,2.5,8,48,21,0.07,0.20,0.26,0.07,0.26,0.09,0.07,0.17,0.09,0.17"
"304,Bernd Leno,de GER,GK,Fulham,32,1992,38,38,3420,38.0,0,1,1,0,0,0,5,0,0.0,0.0,0.1,0.1,0,0,0,0.00,0.03,0.03,0.00,0.03,0.00,0.00,0.00,0.00,0.00"
"305,Jefferson Lerma,co COL,""MF,DF"",Crystal Palace,29,1994,33,26,2274,25.3,0,1,1,0,0,0,9,0,1.1,1.1,1.6,2.7,13,97,26,0.00,0.04,0.04,0.00,0.04,0.04,0.06,0.11,0.04,0.11"
"306,Rico Lewis,eng ENG,""DF,MF"",Manchester City,19,2004,28,21,1893,21.0,1,2,3,1,0,0,5,1,1.4,1.4,0.3,1.7,39,107,78,0.05,0.10,0.14,0.05,0.14,0.07,0.02,0.08,0.07,0.08"
"307,Keane Lewis-Potter,eng ENG,""DF,FW"",Brentford,23,2001,38,36,3093,34.4,1,3,4,1,0,0,7,0,3.1,3.1,3.2,6.3,98,98,156,0.03,0.09,0.12,0.03,0.12,0.09,0.09,0.18,0.09,0.18"
"308,Myles Lewis-Skelly,eng ENG,DF,Arsenal,17,2006,23,15,1369,15.2,1,0,1,1,0,0,3,2,0.2,0.2,0.4,0.6,37,71,37,0.07,0.00,0.07,0.07,0.07,0.01,0.03,0.04,0.01,0.04"
"309,Matthijs de Ligt,nl NED,DF,Manchester Utd,24,1999,29,25,2123,23.6,2,0,2,2,0,0,3,0,2.5,2.5,0.3,2.8,7,55,6,0.08,0.00,0.08,0.08,0.08,0.10,0.01,0.12,0.10,0.12"
"310,Pedro Lima,br BRA,DF,Wolves,18,2006,3,1,70,0.8,0,0,0,0,0,0,0,0,0.1,0.1,0.1,0.1,4,4,11,0.00,0.00,0.00,0.00,0.00,0.07,0.09,0.16,0.07,0.16"
"311,Victor LindelÃ¶f,se SWE,DF,Manchester Utd,30,1994,16,6,704,7.8,0,0,0,0,0,0,1,0,0.0,0.0,0.1,0.1,5,26,4,0.00,0.00,0.00,0.00,0.00,0.00,0.01,0.01,0.00,0.01"
"312,Jesper LindstrÃ¸m,dk DEN,FW,Everton,24,2000,25,15,1239,13.8,0,1,1,0,0,0,2,0,2.1,2.1,2.0,4.1,30,25,81,0.00,0.07,0.07,0.00,0.07,0.15,0.15,0.30,0.15,0.30"
"313,Valentino Livramento,eng ENG,DF,Newcastle Utd,21,2002,37,32,2840,31.6,0,1,1,0,0,0,1,0,0.3,0.3,2.6,2.9,83,158,119,0.00,0.03,0.03,0.00,0.03,0.01,0.08,0.09,0.01,0.09"
"314,Sean Longstaff,eng ENG,MF,Newcastle Utd,26,1997,25,8,798,8.9,0,0,0,0,0,0,2,0,0.6,0.6,0.2,0.8,4,40,22,0.00,0.00,0.00,0.00,0.00,0.07,0.02,0.09,0.07,0.09"
"315,SaÅ¡a LukiÄ‡,rs SRB,MF,Fulham,27,1996,30,28,2344,26.0,0,2,2,0,0,0,12,0,1.2,1.2,2.7,3.9,39,98,33,0.00,0.08,0.08,0.00,0.08,0.04,0.11,0.15,0.04,0.15"
"316,Joe Lumley,eng ENG,GK,Southampton,29,1995,3,3,270,3.0,0,0,0,0,0,0,0,0,0.0,0.0,0.0,0.0,0,0,0,0.00,0.00,0.00,0.00,0.00,0.00,0.00,0.00,0.00,0.00"
"317,Massimo Luongo,au AUS,MF,Ipswich Town,31,1992,11,2,201,2.2,0,0,0,0,0,0,0,0,0.0,0.0,0.0,0.0,0,6,1,0.00,0.00,0.00,0.00,0.00,0.00,0.00,0.00,0.00,0.00"
"318,Ian Maatsen,nl NED,DF,Aston Villa,22,2002,29,10,1139,12.7,1,2,3,1,0,0,2,0,0.9,0.9,2.7,3.6,31,50,104,0.08,0.16,0.24,0.08,0.24,0.07,0.22,0.28,0.07,0.28"
"319,Alexis Mac Allister,ar ARG,MF,Liverpool,25,1998,35,30,2599,28.9,5,5,10,5,0,0,6,0,2.8,2.8,4.7,7.5,36,177,80,0.17,0.17,0.35,0.17,0.35,0.10,0.16,0.26,0.10,0.26"
"320,James Maddison,eng ENG,MF,Tottenham,27,1996,31,21,1809,20.1,9,7,16,9,0,0,6,0,5.8,5.8,4.2,10.0,45,164,95,0.45,0.35,0.80,0.45,0.80,0.29,0.21,0.50,0.29,0.50"
"321,Noni Madueke,eng ENG,FW,Chelsea,22,2002,32,27,2033,22.6,7,3,10,7,0,0,3,0,9.6,9.6,4.2,13.9,154,69,226,0.31,0.13,0.44,0.31,0.44,0.43,0.19,0.61,0.43,0.61"
"322,Gabriel MagalhÃ£es,br BRA,DF,Arsenal,26,1997,28,28,2363,26.3,3,1,4,3,0,0,4,0,2.6,2.6,0.9,3.5,10,126,11,0.11,0.04,0.15,0.11,0.15,0.10,0.03,0.13,0.10,0.13"
"323,Edmond-Paris Maghoma,eng ENG,""MF,FW"",Brentford,23,2001,8,0,119,1.3,0,0,0,0,0,0,0,0,0.1,0.1,0.1,0.2,4,13,4,0.00,0.00,0.00,0.00,0.00,0.09,0.08,0.17,0.09,0.17"
"324,Harry Maguire,eng ENG,DF,Manchester Utd,31,1993,27,19,1758,19.5,1,0,1,1,0,0,7,0,1.8,1.8,0.6,2.4,7,51,7,0.05,0.00,0.05,0.05,0.05,0.09,0.03,0.12,0.09,0.12"
"325,Kobbie Mainoo,eng ENG,MF,Manchester Utd,19,2005,25,19,1651,18.3,0,0,0,0,0,0,5,0,0.7,0.7,1.6,2.3,22,65,47,0.00,0.00,0.00,0.00,0.00,0.04,0.09,0.12,0.04,0.12"
"326,Tyrell Malacia,nl NED,DF,Manchester Utd,24,1999,3,2,100,1.1,0,0,0,0,0,0,1,0,0.0,0.0,0.0,0.0,3,3,6,0.00,0.00,0.00,0.00,0.00,0.00,0.03,0.03,0.00,0.03"
"327,Donyell Malen,nl NED,FW,Aston Villa,25,1999,14,2,305,3.4,3,0,3,3,0,0,0,0,2.2,2.2,0.2,2.4,12,6,30,0.89,0.00,0.89,0.89,0.89,0.64,0.05,0.69,0.64,0.69"
"328,Mateus Mane,,MF,Wolves,,,1,0,2,0.0,0,0,0,0,0,0,0,0,0.0,0.0,0.0,0.0,0,0,0,0.00,0.00,0.00,0.00,0.00,0.00,0.00,0.00,0.00,0.00"
"329,Orel Mangala,be BEL,MF,Everton,26,1998,19,14,1261,14.0,1,0,1,1,0,0,2,0,1.1,1.1,0.6,1.8,6,34,19,0.07,0.00,0.07,0.07,0.07,0.08,0.05,0.13,0.08,0.13"
"330,Ryan Manning,ie IRL,""DF,MF"",Southampton,28,1996,24,18,1462,16.2,0,1,1,0,0,0,2,0,0.3,0.3,3.2,3.6,14,35,74,0.00,0.06,0.06,0.00,0.06,0.02,0.20,0.22,0.02,0.22"
"331,Solly March,eng ENG,""FW,MF"",Brighton,30,1994,8,1,168,1.9,0,0,0,0,0,0,2,0,0.1,0.1,0.3,0.4,5,2,20,0.00,0.00,0.00,0.00,0.00,0.05,0.15,0.19,0.05,0.19"
"332,Omar Marmoush,eg EGY,""FW,MF"",Manchester City,25,1999,16,14,1175,13.1,7,0,7,7,0,0,0,0,5.5,5.5,2.8,8.3,29,37,78,0.54,0.00,0.54,0.54,0.54,0.42,0.21,0.64,0.42,0.64"
"333,Gabriel Martinelli,br BRA,""FW,MF"",Arsenal,23,2001,33,25,2290,25.4,8,4,12,8,0,0,1,0,7.4,7.4,5.0,12.4,124,52,289,0.31,0.16,0.47,0.31,0.47,0.29,0.19,0.49,0.29,0.49"
"334,Emiliano MartÃ­nez,ar ARG,GK,Aston Villa,31,1992,37,37,3194,35.5,0,0,0,0,0,0,5,1,0.0,0.0,0.5,0.5,0,4,0,0.00,0.00,0.00,0.00,0.00,0.00,0.02,0.02,0.00,0.02"
"335,Lisandro MartÃ­nez,ar ARG,DF,Manchester Utd,26,1998,20,20,1751,19.5,2,1,3,2,0,0,7,0,1.3,1.3,1.1,2.4,23,117,7,0.10,0.05,0.15,0.10,0.15,0.07,0.06,0.13,0.07,0.13"
"336,Pape Matar Sarr,sn SEN,MF,Tottenham,21,2002,36,22,1913,21.3,3,2,5,3,0,0,6,0,3.7,3.7,1.6,5.3,33,88,53,0.14,0.09,0.24,0.14,0.24,0.17,0.08,0.25,0.17,0.25"
"337,Jean-Philippe Mateta,fr FRA,FW,Crystal Palace,27,1997,37,33,2648,29.4,14,2,16,12,2,2,2,0,13.5,11.9,3.2,15.1,45,52,122,0.48,0.07,0.54,0.41,0.48,0.46,0.11,0.57,0.41,0.51"
"338,Stephy Mavididi,eng ENG,FW,Leicester City,26,1998,30,16,1615,17.9,4,1,5,4,0,0,2,0,1.8,1.8,2.6,4.4,91,57,138,0.22,0.06,0.28,0.22,0.28,0.10,0.15,0.25,0.10,0.25"
"339,Konstantinos Mavropanos,gr GRE,DF,West Ham,26,1997,33,21,2045,22.7,0,0,0,0,0,0,6,1,1.5,1.5,0.5,2.0,17,61,2,0.00,0.00,0.00,0.00,0.00,0.07,0.02,0.09,0.07,0.09"
"340,Noussair Mazraoui,ma MAR,DF,Manchester Utd,26,1997,37,34,2838,31.5,0,1,1,0,0,0,3,0,0.7,0.7,1.5,2.2,42,115,58,0.00,0.03,0.03,0.00,0.03,0.02,0.05,0.07,0.02,0.07"
"341,Bryan Mbeumo,cm CMR,FW,Brentford,24,1999,38,38,3414,37.9,20,7,27,15,5,6,3,0,12.3,7.5,8.3,15.9,130,141,351,0.53,0.18,0.71,0.40,0.58,0.32,0.22,0.54,0.20,0.42"
"342,James Mcatee,eng ENG,""MF,FW"",Manchester City,21,2002,15,3,349,3.9,3,0,3,3,0,0,1,0,2.8,2.8,0.5,3.3,7,7,32,0.77,0.00,0.77,0.77,0.77,0.72,0.13,0.85,0.72,0.85"
"343,Kasey McAteer,ie IRL,FW,Leicester City,22,2001,18,9,852,9.5,1,1,2,1,0,0,3,0,1.0,1.0,0.7,1.7,19,14,71,0.11,0.11,0.21,0.11,0.21,0.11,0.08,0.18,0.11,0.18"
"344,Alex McCarthy,eng ENG,GK,Southampton,34,1989,5,5,450,5.0,0,0,0,0,0,0,0,0,0.0,0.0,0.0,0.0,0,0,0,0.00,0.00,0.00,0.00,0.00,0.00,0.00,0.00,0.00,0.00"
"345,John McGinn,sct SCO,""MF,FW"",Aston Villa,29,1994,34,27,2223,24.7,1,4,5,1,0,0,7,0,3.1,2.8,3.5,6.3,32,103,87,0.04,0.16,0.20,0.04,0.20,0.13,0.14,0.27,0.11,0.26"
"346,Dwight McNeil,eng ENG,""MF,FW"",Everton,24,1999,21,15,1371,15.2,4,6,10,4,0,0,1,0,1.1,1.1,5.2,6.3,38,69,80,0.26,0.39,0.66,0.26,0.66,0.07,0.34,0.41,0.07,0.41"
"347,Scott McTominay,sct SCO,MF,Manchester Utd,27,1996,2,0,19,0.2,0,0,0,0,0,0,0,0,0.1,0.1,0.0,0.1,0,1,2,0.00,0.00,0.00,0.00,0.00,0.33,0.00,0.33,0.33,0.33"
"348,Ben Mee,eng ENG,DF,Brentford,34,1989,7,2,183,2.0,0,0,0,0,0,0,2,0,0.0,0.0,0.0,0.0,3,11,2,0.00,0.00,0.00,0.00,0.00,0.00,0.00,0.00,0.00,0.00"
"349,Jayden Meghoma,eng ENG,DF,Brentford,18,2006,1,0,5,0.1,0,0,0,0,0,0,0,0,0.0,0.0,0.0,0.0,0,0,0,0.00,0.00,0.00,0.00,0.00,0.00,0.00,0.00,0.00,0.00"
"350,Mikel Merino,es ESP,""MF,FW"",Arsenal,28,1996,28,17,1586,17.6,7,2,9,7,0,0,4,1,5.9,5.9,2.0,7.9,11,69,94,0.40,0.11,0.51,0.40,0.51,0.34,0.11,0.45,0.34,0.45"
"351,Shumaira Mheuka,eng ENG,MF,Chelsea,16,2007,1,0,1,0.0,0,0,0,0,0,0,0,0,0.1,0.1,0.0,0.1,0,0,0,0.00,0.00,0.00,0.00,0.00,5.06,0.00,5.06,5.06,5.06"
"352,Nikola MilenkoviÄ‡,rs SRB,DF,Nott'ham Forest,26,1997,37,37,3330,37.0,5,2,7,5,0,0,4,0,4.0,4.0,1.1,5.1,3,51,6,0.14,0.05,0.19,0.14,0.19,0.11,0.03,0.14,0.11,0.14"
"353,Lewis Miley,eng ENG,MF,Newcastle Utd,18,2006,14,1,313,3.5,1,0,1,1,0,0,0,0,0.5,0.5,0.0,0.6,2,17,8,0.29,0.00,0.29,0.29,0.29,0.16,0.01,0.16,0.16,0.16"
"354,James Milner,eng ENG,MF,Brighton,38,1986,4,3,170,1.9,0,0,0,0,0,0,1,0,0.2,0.2,0.2,0.4,1,10,10,0.00,0.00,0.00,0.00,0.00,0.09,0.12,0.21,0.09,0.21"
"355,Tyrone Mings,eng ENG,DF,Aston Villa,31,1993,14,12,1120,12.4,0,0,0,0,0,0,1,0,0.8,0.8,0.2,1.0,7,40,1,0.00,0.00,0.00,0.00,0.00,0.07,0.02,0.08,0.07,0.08"
"356,Yankuba Minteh,gm GAM,""FW,MF"",Brighton,20,2004,32,20,1838,20.4,6,4,10,6,0,0,6,0,4.1,4.1,5.0,9.1,90,48,201,0.29,0.20,0.49,0.29,0.49,0.20,0.24,0.44,0.20,0.44"
"357,Tyrick Mitchell,eng ENG,DF,Crystal Palace,24,1999,37,37,3092,34.4,0,5,5,0,0,0,2,0,1.3,1.3,6.4,7.7,63,70,171,0.00,0.15,0.15,0.00,0.15,0.04,0.19,0.22,0.04,0.22"
"358,Kaoru Mitoma,jp JPN,""FW,MF"",Brighton,27,1997,36,28,2603,28.9,10,4,14,10,0,0,1,0,9.2,9.2,4.6,13.8,146,89,291,0.35,0.14,0.48,0.35,0.48,0.32,0.16,0.48,0.32,0.48"
"359,Jakub Moder,pl POL,MF,Brighton,25,1999,4,0,11,0.1,0,0,0,0,0,0,0,0,0.0,0.0,0.2,0.2,2,4,0,0.00,0.00,0.00,0.00,0.00,0.00,1.45,1.45,0.00,1.45"
"360,Jeremy Monga,,""FW,MF"",Leicester City,,,7,0,112,1.2,0,0,0,0,0,0,0,0,0.2,0.2,0.0,0.2,6,3,10,0.00,0.00,0.00,0.00,0.00,0.13,0.01,0.14,0.13,0.14"
"361,Mikey Moore,eng ENG,FW,Tottenham,16,2007,10,3,366,4.1,0,1,1,0,0,0,0,0,0.2,0.2,0.3,0.5,12,9,40,0.00,0.25,0.25,0.00,0.25,0.05,0.08,0.13,0.05,0.13"
"362,Morato,br BRA,DF,Nott'ham Forest,23,2001,26,6,907,10.1,0,0,0,0,0,0,5,0,0.2,0.2,0.0,0.2,1,19,1,0.00,0.00,0.00,0.00,0.00,0.02,0.00,0.02,0.02,0.02"
"363,Ãlex Moreno,es ESP,""DF,MF"",Nott'ham Forest,31,1993,15,11,955,10.6,0,1,1,0,0,0,2,0,0.2,0.2,1.3,1.4,26,34,34,0.00,0.09,0.09,0.00,0.09,0.02,0.12,0.13,0.02,0.13"
"364,Sam Morsy,eg EGY,MF,Ipswich Town,32,1991,33,31,2751,30.6,1,1,2,1,0,0,10,0,0.4,0.4,1.2,1.6,22,120,13,0.03,0.03,0.07,0.03,0.07,0.01,0.04,0.05,0.01,0.05"
"365,Yerson Mosquera,co COL,DF,Wolves,23,2001,5,5,441,4.9,0,0,0,0,0,0,2,0,0.3,0.3,0.1,0.4,0,7,0,0.00,0.00,0.00,0.00,0.00,0.07,0.02,0.09,0.07,0.09"
"366,Mason Mount,eng ENG,MF,Manchester Utd,25,1999,17,8,622,6.9,1,0,1,1,0,0,3,0,3.2,3.2,0.6,3.8,15,33,41,0.14,0.00,0.14,0.14,0.14,0.47,0.08,0.55,0.47,0.55"
"367,Divin Mubama,eng ENG,FW,Manchester City,19,2004,1,0,28,0.3,0,0,0,0,0,0,0,0,0.0,0.0,0.0,0.0,0,1,0,0.00,0.00,0.00,0.00,0.00,0.12,0.00,0.12,0.12,0.12"
"368,Mykhailo Mudryk,ua UKR,FW,Chelsea,23,2001,7,1,151,1.7,0,0,0,0,0,0,0,0,0.3,0.3,1.0,1.2,7,5,12,0.00,0.00,0.00,0.00,0.00,0.15,0.58,0.73,0.15,0.73"
"369,Marshall Munetsi,zw ZIM,""MF,FW"",Wolves,28,1996,14,12,1078,12.0,2,1,3,2,0,0,0,0,3.3,3.3,1.8,5.1,9,10,35,0.17,0.08,0.25,0.17,0.25,0.28,0.15,0.42,0.28,0.42"
"370,Rodrigo Muniz,br BRA,FW,Fulham,23,2001,31,8,964,10.7,8,1,9,8,0,0,1,0,5.8,5.8,0.7,6.5,6,27,31,0.75,0.09,0.84,0.75,0.84,0.54,0.07,0.61,0.54,0.61"
"371,Daniel MuÃ±oz,co COL,DF,Crystal Palace,28,1996,37,37,3228,35.9,4,5,9,4,0,0,10,0,4.9,4.9,5.5,10.5,62,97,206,0.11,0.14,0.25,0.11,0.25,0.14,0.15,0.29,0.14,0.29"
"372,Arijanet Muric,xk KVX,GK,Ipswich Town,25,1998,18,18,1620,18.0,0,0,0,0,0,0,1,0,0.0,0.0,0.0,0.0,0,1,0,0.00,0.00,0.00,0.00,0.00,0.00,0.00,0.00,0.00,0.00"
"373,Murillo,br BRA,DF,Nott'ham Forest,22,2002,36,36,3188,35.4,2,0,2,2,0,0,6,0,1.4,1.4,1.2,2.6,22,115,5,0.06,0.00,0.06,0.06,0.06,0.04,0.03,0.07,0.04,0.07"
"374,Jacob Murphy,eng ENG,FW,Newcastle Utd,29,1995,35,31,2360,26.2,8,12,20,8,0,0,4,0,5.7,5.7,8.9,14.6,79,83,231,0.31,0.46,0.76,0.31,0.76,0.22,0.34,0.56,0.22,0.56"
"375,Vitaliy Mykolenko,ua UKR,DF,Everton,25,1999,35,35,3082,34.2,1,2,3,1,0,0,4,0,0.5,0.5,2.6,3.1,33,110,99,0.03,0.06,0.09,0.03,0.09,0.01,0.08,0.09,0.01,0.09"
"376,Iliman Ndiaye,sn SEN,FW,Everton,24,2000,33,29,2430,27.0,9,0,9,7,2,2,3,0,6.2,4.7,1.9,6.5,86,59,122,0.33,0.00,0.33,0.26,0.26,0.23,0.07,0.30,0.17,0.24"
"377,Wilfred Ndidi,ng NGA,MF,Leicester City,27,1996,28,28,2324,25.8,0,5,5,0,0,0,8,0,2.0,2.0,1.9,3.9,18,70,75,0.00,0.19,0.19,0.00,0.19,0.08,0.07,0.15,0.08,0.15"
"378,Kosta NedeljkoviÄ‡,rs SRB,DF,Aston Villa,18,2005,5,0,126,1.4,0,0,0,0,0,0,0,0,0.0,0.0,0.0,0.0,1,6,0,0.00,0.00,0.00,0.00,0.00,0.00,0.00,0.00,0.00,0.00"
"379,Reiss Nelson,eng ENG,FW,Arsenal,24,1999,1,0,3,0.0,0,0,0,0,0,0,0,0,0.0,0.0,0.0,0.0,0,0,0,0.00,0.00,0.00,0.00,0.00,0.00,0.00,0.00,0.00,0.00"
"380,Reiss Nelson,eng ENG,FW,Fulham,24,1999,11,5,487,5.4,1,1,2,1,0,0,1,0,1.1,1.1,1.0,2.1,45,35,63,0.18,0.18,0.37,0.18,0.37,0.20,0.18,0.39,0.20,0.39"
"381,Neto,br BRA,GK,Bournemouth,35,1989,2,2,180,2.0,0,0,0,0,0,0,0,0,0.0,0.0,0.0,0.0,0,0,0,0.00,0.00,0.00,0.00,0.00,0.00,0.00,0.00,0.00,0.00"
"382,Pedro Neto,pt POR,FW,Chelsea,24,2000,35,24,2269,25.2,4,6,10,4,0,0,8,0,3.5,3.5,6.7,10.2,126,60,253,0.16,0.24,0.40,0.16,0.40,0.14,0.27,0.40,0.14,0.40"
"383,Eddie Nketiah,eng ENG,""FW,MF"",Crystal Palace,25,1999,29,9,1034,11.5,3,1,4,3,0,0,6,1,5.8,5.8,1.7,7.4,41,19,79,0.26,0.09,0.35,0.26,0.35,0.50,0.15,0.65,0.50,0.65"
"384,Christopher Nkunku,fr FRA,FW,Chelsea,26,1997,27,9,921,10.2,3,2,5,3,0,0,2,0,4.8,4.8,2.1,6.9,17,25,68,0.29,0.20,0.49,0.29,0.49,0.47,0.21,0.68,0.47,0.67"
"385,Gustavo Nunes,br BRA,""FW,MF"",Brentford,18,2005,3,0,12,0.1,0,0,0,0,0,0,0,0,0.0,0.0,0.0,0.0,1,0,0,0.00,0.00,0.00,0.00,0.00,0.00,0.00,0.00,0.00,0.00"
"386,Matheus Nunes,pt POR,""DF,MF"",Manchester City,25,1998,26,19,1674,18.6,1,6,7,1,0,0,4,0,1.2,1.2,4.4,5.6,63,79,175,0.05,0.32,0.38,0.05,0.38,0.07,0.23,0.30,0.07,0.30"
"387,Darwin NÃºÃ±ez,uy URU,FW,Liverpool,25,1999,30,8,1133,12.6,5,2,7,5,0,0,8,0,5.8,5.8,1.3,7.1,23,27,78,0.40,0.16,0.56,0.40,0.56,0.46,0.10,0.57,0.46,0.57"
"388,Ethan Nwaneri,eng ENG,""FW,MF"",Arsenal,17,2007,26,11,895,9.9,4,2,6,4,0,0,1,0,1.2,1.2,1.2,2.4,46,33,113,0.40,0.20,0.60,0.40,0.60,0.12,0.12,0.24,0.12,0.24"
"389,Christian NÃ¸rgaard,dk DEN,MF,Brentford,30,1994,34,34,2819,31.3,5,4,9,5,0,0,8,1,4.3,4.3,1.3,5.6,14,154,42,0.16,0.13,0.29,0.16,0.29,0.14,0.04,0.18,0.14,0.18"
"390,Jake O'Brien,ie IRL,DF,Everton,23,2001,20,17,1571,17.5,2,0,2,2,0,0,5,0,0.8,0.8,0.6,1.3,7,50,25,0.11,0.00,0.11,0.11,0.11,0.04,0.03,0.08,0.04,0.08"
"391,Matt O'Riley,dk DEN,MF,Brighton,23,2000,21,11,938,10.4,2,2,4,1,1,1,1,0,2.8,2.0,2.4,4.4,22,38,52,0.19,0.19,0.38,0.10,0.29,0.27,0.23,0.50,0.20,0.42"
"392,Dara O'Shea,ie IRL,DF,Ipswich Town,25,1999,35,35,3122,34.7,0,2,2,0,0,0,6,0,1.3,1.3,0.5,1.8,3,80,8,0.00,0.06,0.06,0.00,0.06,0.04,0.01,0.05,0.04,0.05"
"393,Chidozie Obi-Martin,dk DEN,FW,Manchester Utd,16,2007,7,1,165,1.8,0,0,0,0,0,0,1,0,0.7,0.7,0.0,0.7,2,1,12,0.00,0.00,0.00,0.00,0.00,0.36,0.00,0.36,0.36,0.36"
"394,Wilson Odobert,fr FRA,""FW,MF"",Tottenham,19,2004,16,9,850,9.4,1,0,1,1,0,0,0,0,1.6,1.6,1.0,2.6,45,27,66,0.11,0.00,0.11,0.11,0.11,0.17,0.10,0.27,0.17,0.27"
"395,Chiedozie Ogbene,ie IRL,FW,Ipswich Town,27,1997,5,3,238,2.6,0,0,0,0,0,0,0,0,0.0,0.0,0.1,0.1,7,0,15,0.00,0.00,0.00,0.00,0.00,0.00,0.03,0.03,0.00,0.03"
"396,Caleb Okoli,it ITA,DF,Leicester City,23,2001,19,12,1125,12.5,1,0,1,1,0,0,4,0,0.6,0.6,0.0,0.6,3,32,2,0.08,0.00,0.08,0.08,0.08,0.05,0.00,0.05,0.05,0.05"
"397,Robin Olsen,se SWE,GK,Aston Villa,34,1990,4,1,226,2.5,0,0,0,0,0,0,0,0,0.0,0.0,0.0,0.0,0,0,0,0.00,0.00,0.00,0.00,0.00,0.00,0.00,0.00,0.00,0.00"
"398,Amadou Onana,be BEL,MF,Aston Villa,22,2001,26,20,1617,18.0,3,0,3,3,0,0,4,0,2.1,2.1,0.7,2.8,29,75,16,0.17,0.00,0.17,0.17,0.17,0.12,0.04,0.16,0.12,0.16"
"399,AndrÃ© Onana,cm CMR,GK,Manchester Utd,28,1996,34,34,3060,34.0,0,0,0,0,0,0,0,0,0.0,0.0,0.2,0.2,0,1,0,0.00,0.00,0.00,0.00,0.00,0.00,0.00,0.00,0.00,0.00"
"400,Paul Onuachu,ng NGA,FW,Southampton,30,1994,25,11,1050,11.7,4,1,5,4,0,0,4,0,3.6,3.6,0.5,4.1,7,13,40,0.34,0.09,0.43,0.34,0.43,0.31,0.04,0.35,0.31,0.35"
"401,Frank Onyeka,ng NGA,MF,Brentford,26,1998,2,0,25,0.3,0,0,0,0,0,0,0,0,0.0,0.0,0.0,0.0,0,1,0,0.00,0.00,0.00,0.00,0.00,0.00,0.00,0.00,0.00,0.00"
"402,Lewis Orford,eng ENG,MF,West Ham,18,2006,2,0,49,0.5,0,0,0,0,0,0,0,0,0.0,0.0,0.0,0.0,0,0,1,0.00,0.00,0.00,0.00,0.00,0.05,0.04,0.09,0.05,0.09"
"403,Stefan Ortega,de GER,GK,Manchester City,31,1992,13,12,1100,12.2,0,0,0,0,0,0,1,0,0.0,0.0,0.0,0.0,0,0,0,0.00,0.00,0.00,0.00,0.00,0.00,0.00,0.00,0.00,0.00"
"404,William Osula,dk DEN,FW,Newcastle Utd,20,2003,14,0,134,1.5,1,0,1,1,0,0,0,0,0.2,0.2,0.1,0.3,5,4,17,0.67,0.00,0.67,0.67,0.67,0.11,0.10,0.21,0.11,0.21"
"405,Dango Ouattara,bf BFA,FW,Bournemouth,22,2002,32,21,2005,22.3,7,4,11,7,0,0,3,0,8.4,8.4,5.5,13.8,79,43,191,0.31,0.18,0.49,0.31,0.49,0.38,0.25,0.62,0.38,0.62"
"406,Nico Oâ€™Reilly,eng ENG,DF,Manchester City,19,2005,9,6,528,5.9,2,0,2,2,0,0,0,0,1.3,1.3,0.4,1.6,16,17,26,0.34,0.00,0.34,0.34,0.34,0.22,0.06,0.28,0.22,0.28"
"407,Alex Palmer,eng ENG,GK,Ipswich Town,27,1996,13,13,1170,13.0,0,0,0,0,0,0,2,0,0.0,0.0,0.0,0.0,0,1,0,0.00,0.00,0.00,0.00,0.00,0.00,0.00,0.00,0.00,0.00"
"408,Cole Palmer,eng ENG,""MF,FW"",Chelsea,22,2002,37,36,3191,35.5,15,8,23,11,4,5,7,0,17.3,13.3,10.9,24.2,120,214,187,0.42,0.23,0.65,0.31,0.54,0.49,0.31,0.79,0.38,0.68"
"409,Emerson Palmieri,it ITA,DF,West Ham,29,1994,31,26,2113,23.5,2,1,3,2,0,0,5,0,2.0,2.0,1.5,3.4,47,66,83,0.09,0.04,0.13,0.09,0.13,0.08,0.06,0.15,0.08,0.15"
"410,Lucas PaquetÃ¡,br BRA,""MF,FW"",West Ham,26,1997,33,27,2380,26.4,4,0,4,2,2,2,10,0,5.3,3.7,3.1,6.8,26,155,85,0.15,0.00,0.15,0.08,0.08,0.20,0.12,0.32,0.14,0.26"
"411,Thomas Partey,gh GHA,""MF,DF"",Arsenal,31,1993,35,31,2797,31.1,4,2,6,4,0,0,4,0,2.3,2.3,2.1,4.3,36,185,48,0.13,0.06,0.19,0.13,0.19,0.07,0.07,0.14,0.07,0.14"
"412,Nathan Patterson,sct SCO,DF,Everton,22,2001,10,3,347,3.9,0,1,1,0,0,0,1,0,0.1,0.1,0.4,0.5,6,13,18,0.00,0.26,0.26,0.00,0.26,0.02,0.11,0.13,0.02,0.13"
"413,Andreas Pereira,br BRA,MF,Fulham,28,1996,33,25,2013,22.4,2,4,6,2,0,1,7,0,3.8,3.0,4.6,7.6,29,104,81,0.09,0.18,0.27,0.09,0.27,0.17,0.21,0.38,0.14,0.34"
"414,Ricardo Pereira,pt POR,DF,Leicester City,30,1993,10,4,388,4.3,0,0,0,0,0,0,1,0,0.1,0.1,0.0,0.1,3,18,5,0.00,0.00,0.00,0.00,0.00,0.02,0.00,0.02,0.02,0.02"
"415,Kalvin Phillips,eng ENG,MF,Ipswich Town,28,1995,19,14,1237,13.7,0,0,0,0,0,0,6,1,0.4,0.4,0.2,0.7,4,51,4,0.00,0.00,0.00,0.00,0.00,0.03,0.02,0.05,0.03,0.05"
"416,Jaden Philogene Bidace,eng ENG,""FW,MF"",Aston Villa,22,2002,11,2,332,3.7,0,0,0,0,0,0,4,1,0.5,0.5,0.3,0.8,7,4,17,0.00,0.00,0.00,0.00,0.00,0.13,0.08,0.20,0.13,0.20"
"417,Jaden Philogene Bidace,eng ENG,""FW,DF"",Ipswich Town,22,2002,10,5,474,5.3,2,0,2,2,0,0,1,0,2.0,2.0,0.2,2.2,13,10,36,0.38,0.00,0.38,0.38,0.38,0.37,0.05,0.42,0.37,0.42"
"418,Jordan Pickford,eng ENG,GK,Everton,30,1994,38,38,3420,38.0,0,1,1,0,0,0,7,0,0.0,0.0,0.4,0.4,0,0,0,0.00,0.03,0.03,0.00,0.03,0.00,0.01,0.01,0.00,0.01"
"419,Ethan Pinnock,jm JAM,DF,Brentford,31,1993,22,21,1913,21.3,2,0,2,2,0,0,2,0,1.1,1.1,1.2,2.3,3,41,9,0.09,0.00,0.09,0.09,0.09,0.05,0.05,0.11,0.05,0.11"
"420,Daniel Podence,pt POR,""MF,FW"",Wolves,28,1995,2,0,48,0.5,0,0,0,0,0,0,0,0,0.0,0.0,0.0,0.0,1,2,3,0.00,0.00,0.00,0.00,0.00,0.07,0.00,0.07,0.07,0.07"
"421,Alfie Pond,eng ENG,DF,Wolves,20,2004,1,0,1,0.0,0,0,0,0,0,0,0,0,0.0,0.0,0.0,0.0,0,0,0,0.00,0.00,0.00,0.00,0.00,0.00,0.00,0.00,0.00,0.00"
"422,Nick Pope,eng ENG,GK,Newcastle Utd,32,1992,28,28,2520,28.0,0,0,0,0,0,0,2,0,0.0,0.0,0.0,0.0,0,1,0,0.00,0.00,0.00,0.00,0.00,0.00,0.00,0.00,0.00,0.00"
"423,Pedro Porro,es ESP,DF,Tottenham,24,1999,33,28,2610,29.0,2,6,8,2,0,0,5,0,1.6,1.6,5.0,6.6,65,154,109,0.07,0.21,0.28,0.07,0.28,0.05,0.17,0.23,0.05,0.23"
"424,Jarell Quansah,eng ENG,DF,Liverpool,21,2003,13,4,495,5.5,0,0,0,0,0,0,2,0,0.1,0.1,0.1,0.2,3,19,4,0.00,0.00,0.00,0.00,0.00,0.02,0.02,0.04,0.02,0.04"
"425,HÃ¡kon Rafn Valdimarsson,is ISL,GK,Brentford,22,2001,2,1,145,1.6,0,0,0,0,0,0,0,0,0.0,0.0,0.0,0.0,0,0,0,0.00,0.00,0.00,0.00,0.00,0.00,0.00,0.00,0.00,0.00"
"426,Aaron Ramsdale,eng ENG,GK,Southampton,26,1998,30,30,2700,30.0,0,0,0,0,0,0,2,0,0.0,0.0,0.0,0.0,0,0,0,0.00,0.00,0.00,0.00,0.00,0.00,0.00,0.00,0.00,0.00"
"427,Jacob Ramsey,eng ENG,""FW,MF"",Aston Villa,23,2001,29,19,1623,18.0,1,3,4,1,0,0,4,1,1.6,1.6,2.3,3.9,61,68,114,0.06,0.17,0.22,0.06,0.22,0.09,0.13,0.22,0.09,0.22"
"428,Marcus Rashford,eng ENG,""FW,MF"",Manchester Utd,26,1997,15,12,978,10.9,4,1,5,4,0,0,2,0,1.7,1.7,2.1,3.8,20,21,79,0.37,0.09,0.46,0.37,0.46,0.16,0.19,0.35,0.16,0.35"
"429,Marcus Rashford,eng ENG,FW,Aston Villa,26,1997,10,4,444,4.9,2,2,4,1,1,1,0,0,3.1,2.3,2.3,4.5,22,13,42,0.41,0.41,0.81,0.20,0.61,0.62,0.46,1.08,0.46,0.92"
"430,David Raya,es ESP,GK,Arsenal,28,1995,38,38,3420,38.0,0,0,0,0,0,0,3,0,0.0,0.0,0.0,0.0,0,14,0,0.00,0.00,0.00,0.00,0.00,0.00,0.00,0.00,0.00,0.00"
"431,Harrison Reed,eng ENG,MF,Fulham,29,1995,12,0,108,1.2,0,0,0,0,0,0,2,0,0.2,0.2,0.1,0.3,1,4,7,0.00,0.00,0.00,0.00,0.00,0.21,0.07,0.27,0.21,0.27"
"432,Remy Rees-Dottin,eng ENG,FW,Bournemouth,18,2006,1,0,1,0.0,0,0,0,0,0,0,0,0,0.0,0.0,0.0,0.0,0,0,0,0.00,0.00,0.00,0.00,0.00,0.00,0.00,0.00,0.00,0.00"
"433,Sergio ReguilÃ³n,es ESP,DF,Tottenham,27,1996,4,1,196,2.2,0,0,0,0,0,0,2,0,0.1,0.1,0.0,0.1,5,13,12,0.00,0.00,0.00,0.00,0.00,0.05,0.01,0.07,0.05,0.07"
"434,Vitor Reis,br BRA,DF,Manchester City,18,2006,1,0,1,0.0,0,0,0,0,0,0,0,0,0.0,0.0,0.0,0.0,0,0,0,0.00,0.00,0.00,0.00,0.00,0.00,0.00,0.00,0.00,0.00"
"435,Chadi Riad,ma MAR,DF,Crystal Palace,21,2003,1,1,90,1.0,0,0,0,0,0,0,0,0,0.0,0.0,0.0,0.0,2,7,0,0.00,0.00,0.00,0.00,0.00,0.00,0.00,0.00,0.00,0.00"
"436,Declan Rice,eng ENG,MF,Arsenal,25,1999,35,33,2825,31.4,4,7,11,4,0,0,7,1,3.5,3.5,6.6,10.1,90,192,94,0.13,0.22,0.35,0.13,0.35,0.11,0.21,0.32,0.11,0.32"
"437,Chris Richards,us USA,DF,Crystal Palace,24,2000,24,22,1922,21.4,1,0,1,1,0,0,4,1,1.4,1.4,0.1,1.5,6,39,2,0.05,0.00,0.05,0.05,0.05,0.06,0.00,0.07,0.06,0.07"
"438,Richarlison,br BRA,FW,Tottenham,27,1997,15,4,504,5.6,4,1,5,4,0,0,2,0,3.7,3.7,0.9,4.6,8,11,22,0.71,0.18,0.89,0.71,0.89,0.66,0.16,0.82,0.66,0.82"
"439,Andrew Robertson,sct SCO,DF,Liverpool,30,1994,33,29,2482,27.6,0,1,1,0,0,0,3,1,1.2,1.2,4.6,5.8,64,176,108,0.00,0.04,0.04,0.00,0.04,0.04,0.17,0.21,0.04,0.21"
"440,Antonee Robinson,us USA,DF,Fulham,26,1997,36,35,3167,35.2,0,10,10,0,0,0,8,0,0.7,0.7,4.2,4.9,118,131,274,0.00,0.28,0.28,0.00,0.28,0.02,0.12,0.14,0.02,0.14"
"441,Jay Robinson,eng ENG,""MF,FW"",Southampton,17,2007,4,1,137,1.5,0,0,0,0,0,0,0,0,0.0,0.0,0.7,0.7,3,1,10,0.00,0.00,0.00,0.00,0.00,0.03,0.44,0.47,0.03,0.47"
"442,Rodri,es ESP,MF,Manchester City,28,1996,3,1,73,0.8,0,0,0,0,0,0,0,0,0.0,0.0,0.0,0.0,1,4,1,0.00,0.00,0.00,0.00,0.00,0.00,0.06,0.06,0.00,0.06"
"443,Guido RodrÃ­guez,ar ARG,MF,West Ham,30,1994,23,16,1149,12.8,0,1,1,0,0,0,6,0,0.2,0.2,0.2,0.4,4,33,7,0.00,0.08,0.08,0.00,0.08,0.02,0.01,0.03,0.02,0.03"
"444,Mads Roerslev,dk DEN,DF,Brentford,25,1999,19,11,1101,12.2,0,2,2,0,0,0,2,0,0.2,0.2,3.0,3.2,17,51,54,0.00,0.16,0.16,0.00,0.16,0.02,0.24,0.26,0.02,0.26"
"445,Morgan Rogers,eng ENG,""FW,MF"",Aston Villa,22,2002,37,37,3114,34.6,8,10,18,8,0,0,10,0,6.6,6.6,7.8,14.4,114,123,188,0.23,0.29,0.52,0.23,0.52,0.19,0.23,0.42,0.19,0.42"
"446,Cristian Romero,ar ARG,DF,Tottenham,26,1998,18,18,1416,15.7,1,0,1,1,0,0,3,0,1.6,1.6,0.6,2.2,12,71,3,0.06,0.00,0.06,0.06,0.06,0.10,0.04,0.14,0.10,0.14"
"447,Georginio Rutter,fr FRA,""MF,FW"",Brighton,22,2002,28,19,1656,18.4,5,3,8,5,0,0,2,0,4.6,4.6,2.5,7.1,42,67,79,0.27,0.16,0.43,0.27,0.43,0.25,0.14,0.39,0.25,0.39"
"448,JosÃ© SÃ¡,pt POR,GK,Wolves,31,1993,29,29,2609,29.0,0,0,0,0,0,0,2,0,0.0,0.0,0.2,0.2,0,2,0,0.00,0.00,0.00,0.00,0.00,0.00,0.01,0.01,0.00,0.01"
"449,Bukayo Saka,eng ENG,""FW,MF"",Arsenal,22,2001,25,20,1729,19.2,6,10,16,5,1,1,3,0,6.8,6.0,7.6,13.7,96,70,255,0.31,0.52,0.83,0.26,0.78,0.36,0.40,0.75,0.31,0.71"
"450,Mohamed Salah,eg EGY,FW,Liverpool,32,1992,38,38,3371,37.5,29,18,47,20,9,9,1,0,25.2,18.2,14.2,32.4,155,144,488,0.77,0.48,1.25,0.53,1.01,0.67,0.38,1.05,0.49,0.87"
"451,William Saliba,fr FRA,DF,Arsenal,23,2001,35,35,3039,33.8,2,0,2,2,0,0,2,1,2.3,2.3,0.9,3.1,16,138,6,0.06,0.00,0.06,0.06,0.06,0.07,0.03,0.09,0.07,0.09"
"452,Robert SÃ¡nchez,es ESP,GK,Chelsea,26,1997,32,32,2880,32.0,0,0,0,0,0,0,5,0,0.0,0.0,0.1,0.1,0,1,0,0.00,0.00,0.00,0.00,0.00,0.00,0.00,0.00,0.00,0.00"
"453,Jadon Sancho,eng ENG,FW,Chelsea,24,2000,31,19,1764,19.6,3,4,7,3,0,0,2,0,2.2,2.2,3.7,5.8,102,90,225,0.15,0.20,0.36,0.15,0.36,0.11,0.19,0.30,0.11,0.30"
"454,Ibrahim SangarÃ©,ci CIV,MF,Nott'ham Forest,26,1997,13,7,590,6.6,0,1,1,0,0,0,3,0,0.0,0.0,0.4,0.4,1,27,4,0.00,0.15,0.15,0.00,0.15,0.00,0.06,0.06,0.00,0.06"
"455,Pablo Sarabia,es ESP,""MF,FW"",Wolves,32,1992,23,7,814,9.0,3,2,5,3,0,0,3,0,2.9,2.9,1.8,4.6,15,60,62,0.33,0.22,0.55,0.33,0.55,0.32,0.19,0.51,0.32,0.51"
"456,Jeremy Sarmiento,ec ECU,MF,Brighton,22,2002,1,0,9,0.1,0,0,0,0,0,0,0,0,0.0,0.0,0.0,0.0,0,0,2,0.00,0.00,0.00,0.00,0.00,0.00,0.00,0.00,0.00,0.00"
"457,Ismaila Sarr,sn SEN,MF,Crystal Palace,26,1998,38,30,2711,30.1,8,6,14,8,0,0,4,0,10.7,10.7,8.5,19.2,75,85,183,0.27,0.20,0.46,0.27,0.46,0.35,0.28,0.64,0.35,0.64"
"458,SÃ¡vio,br BRA,""FW,MF"",Manchester City,20,2004,29,21,1766,19.6,1,8,9,1,0,0,3,0,5.0,5.0,6.9,11.9,137,67,246,0.05,0.41,0.46,0.05,0.46,0.26,0.35,0.61,0.26,0.61"
"459,Oliver Scarles,eng ENG,""DF,FW"",West Ham,18,2005,15,7,665,7.4,0,0,0,0,0,0,1,0,0.1,0.1,0.1,0.2,12,22,44,0.00,0.00,0.00,0.00,0.00,0.01,0.01,0.03,0.01,0.03"
"460,Dane Scarlett,eng ENG,""FW,MF"",Tottenham,20,2004,3,0,34,0.4,0,1,1,0,0,0,0,0,0.0,0.0,0.0,0.1,1,1,1,0.00,2.65,2.65,0.00,2.65,0.09,0.12,0.22,0.09,0.22"
"461,Kevin Schade,de GER,FW,Brentford,22,2001,38,26,2293,25.5,11,2,13,11,0,0,3,0,8.2,8.2,3.7,11.9,61,38,165,0.43,0.08,0.51,0.43,0.51,0.32,0.14,0.47,0.32,0.47"
"462,Fabian SchÃ¤r,ch SUI,DF,Newcastle Utd,32,1991,34,33,2934,32.6,4,0,4,4,0,0,9,1,3.7,3.7,0.4,4.1,18,118,22,0.12,0.00,0.12,0.12,0.12,0.11,0.01,0.13,0.11,0.13"
"463,Jeffrey Schlupp,gh GHA,""MF,DF"",Crystal Palace,31,1992,12,0,103,1.1,0,0,0,0,0,0,0,0,0.2,0.2,0.2,0.3,4,5,9,0.00,0.00,0.00,0.00,0.00,0.14,0.14,0.28,0.14,0.28"
"464,Alex Scott,eng ENG,MF,Bournemouth,20,2003,20,8,755,8.4,0,0,0,0,0,0,3,0,0.7,0.7,0.9,1.6,15,52,33,0.00,0.00,0.00,0.00,0.00,0.09,0.11,0.19,0.09,0.19"
"465,Matz Sels,be BEL,GK,Nott'ham Forest,32,1992,38,38,3420,38.0,0,0,0,0,0,0,4,0,0.0,0.0,0.4,0.4,1,2,0,0.00,0.00,0.00,0.00,0.00,0.00,0.01,0.01,0.00,0.01"
"466,NÃ©lson Semedo,pt POR,DF,Wolves,30,1993,34,32,2886,32.1,0,4,4,0,0,0,8,0,0.9,0.9,2.8,3.7,67,80,119,0.00,0.12,0.12,0.00,0.12,0.03,0.09,0.12,0.03,0.12"
"467,Antoine Semenyo,gh GHA,FW,Bournemouth,24,2000,37,36,3203,35.6,11,5,16,11,0,0,9,0,10.0,10.0,5.8,15.8,140,109,282,0.31,0.14,0.45,0.31,0.45,0.28,0.16,0.44,0.28,0.44"
"468,Marcos Senesi,ar ARG,DF,Bournemouth,27,1997,17,13,1106,12.3,0,0,0,0,0,0,5,0,0.8,0.8,0.2,1.1,12,62,7,0.00,0.00,0.00,0.00,0.00,0.07,0.02,0.09,0.07,0.09"
"469,Ryan Sessegnon,eng ENG,""FW,DF"",Fulham,24,2000,16,7,580,6.4,4,2,6,4,0,0,1,0,1.6,1.6,1.1,2.7,18,22,59,0.62,0.31,0.93,0.62,0.93,0.25,0.17,0.42,0.25,0.42"
"470,Luke Shaw,eng ENG,DF,Manchester Utd,29,1995,7,4,349,3.9,0,0,0,0,0,0,1,0,0.0,0.0,0.7,0.7,7,24,7,0.00,0.00,0.00,0.00,0.00,0.01,0.18,0.19,0.01,0.19"
"471,Zain Silcott-Duberry,ms MSR,FW,Bournemouth,19,2005,1,0,1,0.0,0,0,0,0,0,0,0,0,0.0,0.0,0.0,0.0,0,0,0,0.00,0.00,0.00,0.00,0.00,0.00,0.00,0.00,0.00,0.00"
"472,Bernardo Silva,pt POR,""MF,FW"",Manchester City,29,1994,33,29,2670,29.7,4,4,8,4,0,0,7,0,3.9,3.9,5.1,9.0,101,134,200,0.13,0.13,0.27,0.13,0.27,0.13,0.17,0.30,0.13,0.30"
"473,Jota Silva,pt POR,""FW,MF"",Nott'ham Forest,24,1999,31,5,854,9.5,3,1,4,3,0,0,5,0,2.1,2.1,2.9,5.0,21,18,59,0.32,0.11,0.42,0.32,0.42,0.22,0.30,0.53,0.22,0.53"
"474,Eric da Silva Moreira,de GER,""MF,DF"",Nott'ham Forest,18,2006,2,0,30,0.3,0,0,0,0,0,0,0,0,0.0,0.0,0.0,0.0,1,0,1,0.00,0.00,0.00,0.00,0.00,0.00,0.00,0.00,0.00,0.00"
"475,Jahmai Simpson-Pusey,eng ENG,DF,Manchester City,18,2005,2,1,96,1.1,0,0,0,0,0,0,1,0,0.0,0.0,0.0,0.0,1,3,0,0.00,0.00,0.00,0.00,0.00,0.00,0.00,0.00,0.00,0.00"
"476,Luis Sinisterra,co COL,""FW,MF"",Bournemouth,25,1999,12,1,236,2.6,1,1,2,1,0,0,0,0,1.2,1.2,1.4,2.6,19,6,38,0.38,0.38,0.76,0.38,0.76,0.46,0.54,1.00,0.46,1.00"
"477,Oliver Skipp,eng ENG,MF,Leicester City,23,2000,24,10,1129,12.5,0,0,0,0,0,0,8,0,0.4,0.4,0.3,0.6,16,35,19,0.00,0.00,0.00,0.00,0.00,0.03,0.02,0.05,0.03,0.05"
"478,William Smallbone,ie IRL,MF,Southampton,24,2000,18,6,690,7.7,1,0,1,1,0,0,1,0,0.6,0.6,0.7,1.3,5,27,25,0.13,0.00,0.13,0.13,0.13,0.07,0.10,0.17,0.07,0.17"
"479,Adam Smith,eng ENG,DF,Bournemouth,33,1991,25,19,1590,17.7,0,0,0,0,0,0,7,0,0.7,0.7,0.4,1.1,15,49,34,0.00,0.00,0.00,0.00,0.00,0.04,0.02,0.06,0.04,0.06"
"480,Emile Smith Rowe,eng ENG,MF,Fulham,24,2000,34,25,2043,22.7,6,3,9,6,0,0,3,0,4.5,4.5,1.4,6.0,53,126,127,0.26,0.13,0.40,0.26,0.40,0.20,0.06,0.26,0.20,0.26"
"481,Dominic Solanke,eng ENG,FW,Tottenham,26,1997,27,25,2201,24.5,9,3,12,8,1,1,0,0,10.9,10.1,2.9,13.1,31,47,88,0.37,0.12,0.49,0.33,0.45,0.45,0.12,0.57,0.41,0.54"
"482,Carlos Soler,es ESP,""MF,FW"",West Ham,27,1997,31,14,1409,15.7,1,1,2,1,0,0,6,0,1.8,1.8,1.4,3.2,17,56,37,0.06,0.06,0.13,0.06,0.13,0.12,0.09,0.21,0.12,0.21"
"483,Julio Soler,ar ARG,""DF,FW"",Bournemouth,19,2005,3,0,11,0.1,0,0,0,0,0,0,0,0,0.0,0.0,0.0,0.0,0,0,2,0.00,0.00,0.00,0.00,0.00,0.00,0.00,0.00,0.00,0.00"
"484,RamÃ³n Sosa,py PAR,""FW,MF"",Nott'ham Forest,24,1999,19,1,295,3.3,1,0,1,1,0,0,1,0,1.0,1.0,0.5,1.5,12,6,17,0.31,0.00,0.31,0.31,0.31,0.31,0.15,0.45,0.31,0.45"
"485,TomÃ¡Å¡ SouÄek,cz CZE,MF,West Ham,29,1995,35,30,2567,28.5,9,1,10,9,0,0,8,0,6.7,6.7,1.0,7.8,9,74,68,0.32,0.04,0.35,0.32,0.35,0.24,0.04,0.27,0.24,0.27"
"486,Boubakary SoumarÃ©,fr FRA,MF,Leicester City,25,1999,31,25,2171,24.1,0,0,0,0,0,0,8,0,0.3,0.3,0.4,0.7,34,105,23,0.00,0.00,0.00,0.00,0.00,0.01,0.02,0.03,0.01,0.03"
"487,Djed Spence,eng ENG,DF,Tottenham,23,2000,25,19,1792,19.9,1,2,3,1,0,0,4,1,0.6,0.6,1.8,2.3,59,105,70,0.05,0.10,0.15,0.05,0.15,0.03,0.09,0.12,0.03,0.12"
"488,Jay Stansfield,eng ENG,MF,Fulham,21,2002,1,0,1,0.0,0,0,0,0,0,0,0,0,0.0,0.0,0.0,0.0,0,0,0,0.00,0.00,0.00,0.00,0.00,0.00,0.00,0.00,0.00,0.00"
"489,Jason Steele,eng ENG,GK,Brighton,33,1990,2,2,180,2.0,0,0,0,0,0,0,0,0,0.0,0.0,0.0,0.0,0,0,0,0.00,0.00,0.00,0.00,0.00,0.00,0.00,0.00,0.00,0.00"
"490,Jack Stephens,eng ENG,DF,Southampton,30,1994,19,17,1389,15.4,1,0,1,1,0,0,2,2,0.6,0.6,0.2,0.7,14,63,2,0.06,0.00,0.06,0.06,0.06,0.04,0.01,0.05,0.04,0.05"
"491,Raheem Sterling,eng ENG,""FW,MF"",Arsenal,29,1994,17,7,499,5.5,0,2,2,0,0,0,1,0,1.4,1.4,0.5,1.9,27,18,79,0.00,0.36,0.36,0.00,0.36,0.26,0.09,0.34,0.26,0.34"
"492,Ross Stewart,sct SCO,FW,Southampton,28,1996,12,4,389,4.3,1,0,1,1,0,0,1,0,1.1,1.1,0.0,1.1,3,2,10,0.23,0.00,0.23,0.23,0.23,0.25,0.00,0.25,0.25,0.25"
"493,Jakub Stolarczyk,pl POL,GK,Leicester City,23,2000,10,10,900,10.0,0,0,0,0,0,0,1,0,0.0,0.0,0.0,0.0,0,1,0,0.00,0.00,0.00,0.00,0.00,0.00,0.00,0.00,0.00,0.00"
"494,John Stones,eng ENG,""DF,MF"",Manchester City,30,1994,11,6,548,6.1,2,0,2,2,0,0,1,0,0.4,0.4,0.1,0.5,10,21,2,0.33,0.00,0.33,0.33,0.33,0.07,0.01,0.08,0.07,0.08"
"495,JÃ¸rgen Strand Larsen,no NOR,FW,Wolves,24,2000,35,30,2587,28.7,14,4,18,14,0,0,4,0,10.3,10.3,3.0,13.3,17,29,112,0.49,0.14,0.63,0.49,0.63,0.36,0.10,0.46,0.36,0.46"
"496,Yukinari Sugawara,jp JPN,""DF,MF"",Southampton,24,2000,30,16,1557,17.3,1,1,2,1,0,0,4,0,0.5,0.5,2.2,2.7,33,72,78,0.06,0.06,0.12,0.06,0.12,0.03,0.13,0.16,0.03,0.16"
"497,Kamaldeen Sulemana,gh GHA,""FW,MF"",Southampton,22,2002,26,17,1402,15.6,1,1,2,1,0,0,2,0,1.5,1.5,1.0,2.5,63,27,87,0.06,0.06,0.13,0.06,0.13,0.10,0.06,0.16,0.10,0.16"
"498,Crysencio Summerville,nl NED,""FW,MF"",West Ham,22,2001,19,7,786,8.7,1,1,2,1,0,0,2,0,1.6,1.6,1.7,3.3,29,18,71,0.11,0.11,0.23,0.11,0.23,0.19,0.19,0.38,0.19,0.38"
"499,Sammie Szmodics,ie IRL,""FW,MF"",Ipswich Town,28,1995,20,13,992,11.0,4,0,4,4,0,0,2,0,3.4,3.4,0.2,3.6,16,19,47,0.36,0.00,0.36,0.36,0.36,0.31,0.02,0.33,0.31,0.33"
"500,Dominik Szoboszlai,hu HUN,MF,Liverpool,23,2000,36,29,2491,27.7,6,6,12,6,0,0,6,0,7.3,7.3,7.4,14.7,72,131,127,0.22,0.22,0.43,0.22,0.43,0.27,0.27,0.53,0.27,0.53"
"501,Matt Targett,eng ENG,DF,Newcastle Utd,28,1995,2,0,21,0.2,0,0,0,0,0,0,0,0,0.0,0.0,0.0,0.0,0,0,1,0.00,0.00,0.00,0.00,0.00,0.00,0.00,0.00,0.00,0.00"
"502,James Tarkowski,eng ENG,DF,Everton,31,1992,33,33,2922,32.5,1,1,2,1,0,0,6,0,1.3,1.3,2.9,4.2,9,75,3,0.03,0.03,0.06,0.03,0.06,0.04,0.09,0.13,0.04,0.13"
"503,Marcus Tavernier,eng ENG,""FW,MF"",Bournemouth,25,1999,29,20,1939,21.5,3,5,8,3,0,0,6,0,5.5,5.5,4.0,9.5,53,128,129,0.14,0.23,0.37,0.14,0.37,0.25,0.19,0.44,0.25,0.44"
"504,Charlie Taylor,eng ENG,DF,Southampton,30,1993,8,3,356,4.0,0,0,0,0,0,0,1,0,0.0,0.0,0.1,0.1,3,9,7,0.00,0.00,0.00,0.00,0.00,0.00,0.02,0.02,0.00,0.02"
"505,Jack Taylor,ie IRL,MF,Ipswich Town,26,1998,32,4,860,9.6,1,0,1,1,0,0,4,0,0.7,0.7,0.5,1.3,11,43,23,0.10,0.00,0.10,0.10,0.10,0.08,0.06,0.13,0.08,0.13"
"506,Mathys Tel,fr FRA,FW,Tottenham,19,2005,13,11,911,10.1,2,1,3,1,1,1,2,0,3.0,2.2,2.6,4.7,28,21,72,0.20,0.10,0.30,0.10,0.20,0.29,0.25,0.55,0.22,0.47"
"507,Kenny Tete,nl NED,DF,Fulham,28,1995,22,21,1774,19.7,0,2,2,0,0,0,5,0,1.4,1.4,0.9,2.3,34,63,54,0.00,0.10,0.10,0.00,0.10,0.07,0.05,0.12,0.07,0.12"
"508,Thiago,br BRA,""FW,MF"",Brentford,23,2001,8,1,175,1.9,0,0,0,0,0,0,0,0,0.1,0.1,0.1,0.2,3,4,8,0.00,0.00,0.00,0.00,0.00,0.07,0.04,0.10,0.07,0.10"
"509,Luke Thomas,eng ENG,DF,Leicester City,23,2001,14,13,1110,12.3,0,0,0,0,0,0,3,0,0.4,0.4,0.5,0.9,5,37,16,0.00,0.00,0.00,0.00,0.00,0.03,0.04,0.07,0.03,0.07"
"510,Youri Tielemans,be BEL,MF,Aston Villa,27,1997,36,35,3026,33.6,3,7,10,3,0,1,4,0,3.3,2.5,7.0,9.5,39,235,48,0.09,0.21,0.30,0.09,0.30,0.10,0.21,0.31,0.07,0.28"
"511,Kieran Tierney,sct SCO,""DF,FW"",Arsenal,27,1997,13,2,259,2.9,1,0,1,1,0,0,0,0,0.4,0.4,1.4,1.7,8,15,29,0.35,0.00,0.35,0.35,0.35,0.12,0.48,0.60,0.12,0.60"
"512,JurriÃ«n Timber,nl NED,DF,Arsenal,23,2001,30,27,2417,26.9,1,3,4,1,0,0,7,0,1.2,1.2,0.8,2.1,57,146,104,0.04,0.11,0.15,0.04,0.15,0.05,0.03,0.08,0.05,0.08"
"513,Jean-Clair Todibo,fr FRA,DF,West Ham,24,1999,27,20,1825,20.3,0,0,0,0,0,0,3,0,0.4,0.4,0.0,0.4,9,38,5,0.00,0.00,0.00,0.00,0.00,0.02,0.00,0.02,0.02,0.02"
"514,Harry Toffolo,eng ENG,DF,Nott'ham Forest,28,1995,4,1,137,1.5,0,0,0,0,0,0,1,0,0.0,0.0,0.0,0.0,0,2,4,0.00,0.00,0.00,0.00,0.00,0.01,0.00,0.01,0.01,0.01"
"515,Takehiro Tomiyasu,jp JPN,DF,Arsenal,25,1998,1,0,7,0.1,0,0,0,0,0,0,0,0,0.2,0.2,0.0,0.2,0,1,0,0.00,0.00,0.00,0.00,0.00,2.37,0.00,2.37,2.37,2.37"
"516,Sandro Tonali,it ITA,MF,Newcastle Utd,24,2000,36,28,2630,29.2,4,2,6,4,0,0,5,0,4.4,4.4,2.2,6.6,37,128,53,0.14,0.07,0.21,0.14,0.21,0.15,0.07,0.22,0.15,0.22"
"517,Pau Torres,es ESP,DF,Aston Villa,27,1997,24,23,2020,22.4,0,0,0,0,0,0,2,0,0.5,0.5,0.1,0.6,40,97,8,0.00,0.00,0.00,0.00,0.00,0.02,0.01,0.03,0.02,0.03"
"518,Conor Townsend,eng ENG,DF,Ipswich Town,31,1993,6,3,335,3.7,0,1,1,0,0,0,1,0,0.0,0.0,0.7,0.7,2,8,13,0.00,0.27,0.27,0.00,0.27,0.01,0.18,0.18,0.01,0.18"
"519,Adama TraorÃ©,es ESP,""FW,MF"",Fulham,28,1996,36,18,1772,19.7,2,7,9,2,0,0,3,0,4.0,4.0,4.9,8.9,100,68,161,0.10,0.36,0.46,0.10,0.46,0.20,0.25,0.45,0.20,0.45"
"520,Boubacar TraorÃ©,ml MLI,MF,Wolves,22,2001,1,0,1,0.0,0,0,0,0,0,0,0,0,0.0,0.0,0.0,0.0,0,0,0,0.00,0.00,0.00,0.00,0.00,0.00,0.00,0.00,0.00,0.00"
"521,Mark Travers,ie IRL,GK,Bournemouth,25,1999,5,5,450,5.0,0,0,0,0,0,0,0,0,0.0,0.0,0.0,0.0,0,0,0,0.00,0.00,0.00,0.00,0.00,0.00,0.00,0.00,0.00,0.00"
"522,Ryan Trevitt,eng ENG,MF,Brentford,21,2003,1,0,4,0.0,0,0,0,0,0,0,0,0,0.0,0.0,0.0,0.0,0,0,1,0.00,0.00,0.00,0.00,0.00,0.00,0.00,0.00,0.00,0.00"
"523,Kieran Trippier,eng ENG,DF,Newcastle Utd,33,1990,25,14,1309,14.5,0,3,3,0,0,0,1,0,0.1,0.1,1.4,1.5,26,117,58,0.00,0.21,0.21,0.00,0.21,0.01,0.10,0.10,0.01,0.10"
"524,Leandro Trossard,be BEL,FW,Arsenal,29,1994,38,28,2546,28.3,8,7,15,8,0,0,4,1,7.2,7.2,6.1,13.3,80,101,226,0.28,0.25,0.53,0.28,0.53,0.25,0.22,0.47,0.25,0.47"
"525,Kostas Tsimikas,gr GRE,DF,Liverpool,28,1996,18,9,837,9.3,0,1,1,0,0,0,2,0,0.4,0.4,2.1,2.5,17,76,43,0.00,0.11,0.11,0.00,0.11,0.04,0.23,0.27,0.04,0.27"
"526,Axel Tuanzebe,cd COD,DF,Ipswich Town,26,1997,22,20,1710,19.0,0,1,1,0,0,0,5,1,0.2,0.2,0.3,0.5,10,61,15,0.00,0.05,0.05,0.00,0.05,0.01,0.02,0.03,0.01,0.03"
"527,Destiny Udogie,it ITA,DF,Tottenham,21,2002,25,24,1924,21.4,0,1,1,0,0,0,2,0,0.3,0.3,1.5,1.8,54,121,94,0.00,0.05,0.05,0.00,0.05,0.01,0.07,0.08,0.01,0.08"
"528,Manuel Ugarte Ribeiro,uy URU,MF,Manchester Utd,23,2001,29,22,1785,19.8,1,2,3,1,0,0,11,0,1.0,1.0,1.1,2.1,16,61,20,0.05,0.10,0.15,0.05,0.15,0.05,0.06,0.11,0.05,0.11"
"529,Lesley Ugochukwu,fr FRA,MF,Southampton,20,2004,26,18,1655,18.4,1,1,2,1,0,0,7,0,0.9,0.9,1.0,1.9,29,49,20,0.05,0.05,0.11,0.05,0.11,0.05,0.06,0.10,0.05,0.10"
"530,Enes Ãœnal,tr TUR,""FW,MF"",Bournemouth,27,1997,17,2,345,3.8,2,1,3,2,0,0,2,0,2.7,2.7,0.4,3.1,4,12,22,0.52,0.26,0.78,0.52,0.78,0.72,0.10,0.82,0.72,0.82"
"531,Virgil van Dijk,nl NED,DF,Liverpool,33,1991,37,37,3330,37.0,3,1,4,3,0,0,5,0,2.2,2.2,0.7,3.0,22,198,6,0.08,0.03,0.11,0.08,0.11,0.06,0.02,0.08,0.06,0.08"
"532,Jamie Vardy,eng ENG,FW,Leicester City,37,1987,35,35,2823,31.4,9,4,13,8,1,2,5,0,11.2,9.6,3.0,12.6,29,22,120,0.29,0.13,0.41,0.26,0.38,0.36,0.10,0.45,0.31,0.40"
"533,Renato Veiga,pt POR,""DF,MF"",Chelsea,21,2003,7,1,181,2.0,0,0,0,0,0,0,2,0,0.1,0.1,0.0,0.1,4,7,3,0.00,0.00,0.00,0.00,0.00,0.07,0.00,0.07,0.07,0.07"
"534,JoÃ«l Veltman,nl NED,DF,Brighton,32,1992,21,19,1697,18.9,0,0,0,0,0,0,5,0,0.5,0.5,0.5,0.9,32,85,34,0.00,0.00,0.00,0.00,0.00,0.02,0.02,0.05,0.02,0.05"
"535,Micky van de Ven,nl NED,DF,Tottenham,23,2001,13,12,1015,11.3,0,2,2,0,0,0,4,0,0.6,0.6,1.2,1.7,8,51,1,0.00,0.18,0.18,0.00,0.18,0.05,0.10,0.15,0.05,0.15"
"536,Bart Verbruggen,nl NED,GK,Brighton,21,2002,36,36,3240,36.0,0,1,1,0,0,0,5,0,0.0,0.0,0.0,0.0,0,2,0,0.00,0.03,0.03,0.00,0.03,0.00,0.00,0.00,0.00,0.00"
"537,Jannik Vestergaard,dk DEN,DF,Leicester City,31,1992,18,16,1391,15.5,0,0,0,0,0,0,5,0,0.1,0.1,0.1,0.2,3,32,2,0.00,0.00,0.00,0.00,0.00,0.01,0.01,0.01,0.01,0.01"
"538,Guglielmo Vicario,it ITA,GK,Tottenham,27,1996,24,24,2160,24.0,0,0,0,0,0,0,1,0,0.0,0.0,0.0,0.0,0,1,0,0.00,0.00,0.00,0.00,0.00,0.00,0.00,0.00,0.00,0.00"
"539,Carlos VinÃ­cius,br BRA,""MF,FW"",Fulham,29,1995,3,0,16,0.2,0,0,0,0,0,0,0,0,0.0,0.0,0.0,0.0,1,0,3,0.00,0.00,0.00,0.00,0.00,0.21,0.00,0.21,0.21,0.21"
"540,Kyle Walker,eng ENG,DF,Manchester City,34,1990,15,9,970,10.8,0,0,0,0,0,0,3,0,0.1,0.1,0.4,0.6,12,64,11,0.00,0.00,0.00,0.00,0.00,0.01,0.04,0.05,0.01,0.05"
"541,Kyle Walker-Peters,eng ENG,DF,Southampton,27,1997,33,33,2918,32.4,0,2,2,0,0,0,5,0,0.8,0.8,2.8,3.6,114,139,144,0.00,0.06,0.06,0.00,0.06,0.03,0.09,0.11,0.03,0.11"
"542,Christian Walton,eng ENG,GK,Ipswich Town,28,1995,7,7,630,7.0,0,0,0,0,0,0,0,0,0.0,0.0,0.0,0.0,0,0,0,0.00,0.00,0.00,0.00,0.00,0.00,0.00,0.00,0.00,0.00"
"543,Aaron Wan-Bissaka,eng ENG,DF,West Ham,26,1997,36,35,3154,35.0,2,5,7,2,0,0,1,0,1.2,1.2,3.5,4.7,110,149,167,0.06,0.14,0.20,0.06,0.20,0.03,0.10,0.14,0.03,0.14"
"544,Danny Ward,wls WAL,GK,Leicester City,31,1993,2,1,135,1.5,0,0,0,0,0,0,0,0,0.0,0.0,0.0,0.0,0,0,0,0.00,0.00,0.00,0.00,0.00,0.00,0.00,0.00,0.00,0.00"
"545,Joel Ward,eng ENG,DF,Crystal Palace,34,1989,2,1,71,0.8,0,0,0,0,0,0,1,0,0.0,0.0,0.0,0.0,0,1,1,0.00,0.00,0.00,0.00,0.00,0.00,0.06,0.06,0.00,0.06"
"546,James Ward-Prowse,eng ENG,MF,West Ham,29,1994,15,12,1039,11.5,1,1,2,1,0,0,2,0,1.6,1.6,1.9,3.6,11,54,9,0.09,0.09,0.17,0.09,0.17,0.14,0.17,0.31,0.14,0.31"
"547,James Ward-Prowse,eng ENG,MF,Nott'ham Forest,29,1994,9,5,400,4.4,0,1,1,0,0,0,2,1,0.1,0.1,1.1,1.2,1,16,3,0.00,0.23,0.23,0.00,0.23,0.01,0.25,0.26,0.01,0.26"
"548,Ollie Watkins,eng ENG,FW,Aston Villa,28,1995,38,31,2598,28.9,16,8,24,14,2,2,2,0,15.3,13.8,3.3,17.1,55,31,165,0.55,0.28,0.83,0.48,0.76,0.53,0.12,0.65,0.48,0.59"
"549,Adam Webster,eng ENG,DF,Brighton,29,1995,14,11,887,9.9,0,0,0,0,0,0,1,0,0.2,0.2,0.5,0.7,8,63,2,0.00,0.00,0.00,0.00,0.00,0.03,0.05,0.08,0.03,0.08"
"550,Danny Welbeck,eng ENG,FW,Brighton,33,1990,30,24,2115,23.5,10,4,14,9,1,1,5,0,9.6,8.8,1.4,10.1,21,47,95,0.43,0.17,0.60,0.38,0.55,0.41,0.06,0.46,0.37,0.43"
"551,Welington,br BRA,DF,Southampton,23,2001,10,6,482,5.4,0,0,0,0,0,0,1,0,0.0,0.0,0.1,0.1,5,11,19,0.00,0.00,0.00,0.00,0.00,0.01,0.01,0.02,0.01,0.02"
"552,Timo Werner,de GER,""FW,MF"",Tottenham,28,1996,18,4,516,5.7,0,3,3,0,0,0,0,0,1.0,1.0,2.5,3.5,42,30,89,0.00,0.52,0.52,0.00,0.52,0.17,0.44,0.61,0.17,0.61"
"553,Adam Wharton,eng ENG,MF,Crystal Palace,20,2004,20,16,1318,14.6,0,2,2,0,0,0,2,0,0.4,0.4,3.0,3.4,14,107,11,0.00,0.14,0.14,0.00,0.14,0.03,0.21,0.23,0.03,0.23"
"554,Ben White,eng ENG,DF,Arsenal,26,1997,17,13,1198,13.3,0,2,2,0,0,0,2,0,0.5,0.5,1.4,1.8,23,59,42,0.00,0.15,0.15,0.00,0.15,0.03,0.10,0.14,0.03,0.14"
"555,Mats Wieffer,nl NED,""DF,MF"",Brighton,24,1999,25,10,1015,11.3,1,3,4,1,0,0,6,0,0.8,0.8,1.6,2.4,18,62,23,0.09,0.27,0.35,0.09,0.35,0.07,0.14,0.21,0.07,0.21"
"556,Neco Williams,wls WAL,DF,Nott'ham Forest,23,2001,35,28,2594,28.8,1,3,4,1,0,0,7,0,2.3,2.3,1.6,3.9,68,89,103,0.03,0.10,0.14,0.03,0.14,0.08,0.05,0.13,0.08,0.13"
"557,Willian,br BRA,""FW,MF"",Fulham,35,1988,10,2,257,2.9,0,0,0,0,0,0,0,0,0.3,0.3,0.5,0.8,11,40,33,0.00,0.00,0.00,0.00,0.00,0.10,0.18,0.28,0.10,0.28"
"558,Joe Willock,eng ENG,""MF,FW"",Newcastle Utd,24,1999,32,11,1086,12.1,0,2,2,0,0,0,4,0,1.6,1.6,2.1,3.8,38,41,86,0.00,0.17,0.17,0.00,0.17,0.14,0.18,0.31,0.14,0.31"
"559,Callum Wilson,eng ENG,FW,Newcastle Utd,32,1992,18,2,370,4.1,0,0,0,0,0,0,1,0,0.4,0.4,0.1,0.5,5,4,17,0.00,0.00,0.00,0.00,0.00,0.09,0.03,0.12,0.09,0.12"
"560,Harry Wilson,wls WAL,""FW,MF"",Fulham,27,1997,25,12,1162,12.9,6,1,7,6,0,0,2,0,4.2,4.2,1.1,5.3,22,51,96,0.46,0.08,0.54,0.46,0.54,0.33,0.09,0.41,0.33,0.41"
"561,Harry Winks,eng ENG,MF,Leicester City,28,1996,22,17,1538,17.1,0,2,2,0,0,0,4,0,0.2,0.2,1.2,1.5,19,101,11,0.00,0.12,0.12,0.00,0.12,0.01,0.07,0.09,0.01,0.09"
"562,Ben Winterburn,eng ENG,""MF,FW"",Bournemouth,19,2004,4,0,24,0.3,0,0,0,0,0,0,0,0,0.0,0.0,0.0,0.0,2,0,2,0.00,0.00,0.00,0.00,0.00,0.00,0.00,0.00,0.00,0.00"
"563,Yoane Wissa,cd COD,FW,Brentford,27,1996,35,34,2919,32.4,19,4,23,19,0,0,5,0,18.5,18.5,2.6,21.1,60,67,154,0.59,0.12,0.71,0.59,0.71,0.57,0.08,0.65,0.57,0.65"
"564,Chris Wood,nz NZL,FW,Nott'ham Forest,32,1991,36,35,2959,32.9,20,3,23,17,3,3,1,0,13.4,11.0,2.6,13.6,14,42,94,0.61,0.09,0.70,0.52,0.61,0.41,0.08,0.49,0.34,0.42"
"565,Nathan Wood-Gordon,eng ENG,DF,Southampton,22,2002,11,9,773,8.6,0,0,0,0,0,0,2,0,0.2,0.2,0.0,0.3,2,17,0,0.00,0.00,0.00,0.00,0.00,0.03,0.00,0.03,0.03,0.03"
"566,Luke Woolfenden,eng ENG,DF,Ipswich Town,25,1998,15,12,1187,13.2,0,0,0,0,0,0,2,0,0.0,0.0,0.0,0.0,7,15,0,0.00,0.00,0.00,0.00,0.00,0.00,0.00,0.00,0.00,0.00"
"567,Yehor Yarmoliuk,ua UKR,MF,Brentford,20,2004,31,15,1450,16.1,0,0,0,0,0,0,6,0,0.6,0.6,0.9,1.5,15,63,47,0.00,0.00,0.00,0.00,0.00,0.04,0.05,0.09,0.04,0.09"
"568,Ryan Yates,eng ENG,MF,Nott'ham Forest,26,1997,35,18,1915,21.3,2,1,3,2,0,0,10,0,2.3,2.3,1.2,3.5,18,53,16,0.09,0.05,0.14,0.09,0.14,0.11,0.05,0.16,0.11,0.16"
"569,Leny Yoro,fr FRA,DF,Manchester Utd,18,2005,21,12,1165,12.9,0,0,0,0,0,0,5,0,0.7,0.7,0.1,0.8,19,52,4,0.00,0.00,0.00,0.00,0.00,0.05,0.01,0.06,0.05,0.06"
"570,Ashley Young,eng ENG,DF,Everton,39,1985,32,19,1875,20.8,1,3,4,1,0,0,7,1,0.3,0.3,2.3,2.6,24,90,32,0.05,0.14,0.19,0.05,0.19,0.01,0.11,0.12,0.01,0.12"
"571,Illia Zabarnyi,ua UKR,DF,Bournemouth,21,2002,36,35,3109,34.5,0,1,1,0,0,0,4,1,1.3,1.3,0.7,2.0,27,140,4,0.00,0.03,0.03,0.00,0.03,0.04,0.02,0.06,0.04,0.06"
"572,Oleksandr Zinchenko,ua UKR,""DF,MF"",Arsenal,27,1996,15,5,527,5.9,0,1,1,0,0,0,1,0,0.6,0.6,0.2,0.8,10,48,14,0.00,0.17,0.17,0.00,0.17,0.11,0.03,0.14,0.11,0.14"
"573,Joshua Zirkzee,nl NED,""FW,MF"",Manchester Utd,23,2001,32,14,1402,15.6,3,1,4,3,0,0,2,0,4.8,4.8,1.5,6.3,14,44,69,0.19,0.06,0.26,0.19,0.26,0.31,0.10,0.41,0.31,0.41"
"574,Martin Ã˜degaard,no NOR,MF,Arsenal,25,1998,30,26,2325,25.8,3,8,11,2,1,1,4,0,4.8,4.0,5.4,9.5,92,258,154,0.12,0.31,0.43,0.08,0.39,0.19,0.21,0.40,0.16,0.37"
